-- MySQL dump 10.13  Distrib 8.0.32, for Win64 (x86_64)
--
-- Host: localhost    Database: student
-- ------------------------------------------------------
-- Server version	8.0.32

/*!40101 SET @OLD_CHARACTER_SET_CLIENT=@@CHARACTER_SET_CLIENT */;
/*!40101 SET @OLD_CHARACTER_SET_RESULTS=@@CHARACTER_SET_RESULTS */;
/*!40101 SET @OLD_COLLATION_CONNECTION=@@COLLATION_CONNECTION */;
/*!50503 SET NAMES utf8mb4 */;
/*!40103 SET @OLD_TIME_ZONE=@@TIME_ZONE */;
/*!40103 SET TIME_ZONE='+00:00' */;
/*!40014 SET @OLD_UNIQUE_CHECKS=@@UNIQUE_CHECKS, UNIQUE_CHECKS=0 */;
/*!40014 SET @OLD_FOREIGN_KEY_CHECKS=@@FOREIGN_KEY_CHECKS, FOREIGN_KEY_CHECKS=0 */;
/*!40101 SET @OLD_SQL_MODE=@@SQL_MODE, SQL_MODE='NO_AUTO_VALUE_ON_ZERO' */;
/*!40111 SET @OLD_SQL_NOTES=@@SQL_NOTES, SQL_NOTES=0 */;

--
-- Table structure for table `auth_group`
--

DROP TABLE IF EXISTS `auth_group`;
/*!40101 SET @saved_cs_client     = @@character_set_client */;
/*!50503 SET character_set_client = utf8mb4 */;
CREATE TABLE `auth_group` (
  `id` int NOT NULL AUTO_INCREMENT,
  `name` varchar(150) NOT NULL,
  PRIMARY KEY (`id`),
  UNIQUE KEY `name` (`name`)
) ENGINE=InnoDB DEFAULT CHARSET=utf8mb4 COLLATE=utf8mb4_0900_ai_ci;
/*!40101 SET character_set_client = @saved_cs_client */;

--
-- Dumping data for table `auth_group`
--

LOCK TABLES `auth_group` WRITE;
/*!40000 ALTER TABLE `auth_group` DISABLE KEYS */;
/*!40000 ALTER TABLE `auth_group` ENABLE KEYS */;
UNLOCK TABLES;

--
-- Table structure for table `auth_group_permissions`
--

DROP TABLE IF EXISTS `auth_group_permissions`;
/*!40101 SET @saved_cs_client     = @@character_set_client */;
/*!50503 SET character_set_client = utf8mb4 */;
CREATE TABLE `auth_group_permissions` (
  `id` bigint NOT NULL AUTO_INCREMENT,
  `group_id` int NOT NULL,
  `permission_id` int NOT NULL,
  PRIMARY KEY (`id`),
  UNIQUE KEY `auth_group_permissions_group_id_permission_id_0cd325b0_uniq` (`group_id`,`permission_id`),
  KEY `auth_group_permissio_permission_id_84c5c92e_fk_auth_perm` (`permission_id`),
  CONSTRAINT `auth_group_permissio_permission_id_84c5c92e_fk_auth_perm` FOREIGN KEY (`permission_id`) REFERENCES `auth_permission` (`id`),
  CONSTRAINT `auth_group_permissions_group_id_b120cbf9_fk_auth_group_id` FOREIGN KEY (`group_id`) REFERENCES `auth_group` (`id`)
) ENGINE=InnoDB DEFAULT CHARSET=utf8mb4 COLLATE=utf8mb4_0900_ai_ci;
/*!40101 SET character_set_client = @saved_cs_client */;

--
-- Dumping data for table `auth_group_permissions`
--

LOCK TABLES `auth_group_permissions` WRITE;
/*!40000 ALTER TABLE `auth_group_permissions` DISABLE KEYS */;
/*!40000 ALTER TABLE `auth_group_permissions` ENABLE KEYS */;
UNLOCK TABLES;

--
-- Table structure for table `auth_permission`
--

DROP TABLE IF EXISTS `auth_permission`;
/*!40101 SET @saved_cs_client     = @@character_set_client */;
/*!50503 SET character_set_client = utf8mb4 */;
CREATE TABLE `auth_permission` (
  `id` int NOT NULL AUTO_INCREMENT,
  `name` varchar(255) NOT NULL,
  `content_type_id` int NOT NULL,
  `codename` varchar(100) NOT NULL,
  PRIMARY KEY (`id`),
  UNIQUE KEY `auth_permission_content_type_id_codename_01ab375a_uniq` (`content_type_id`,`codename`),
  CONSTRAINT `auth_permission_content_type_id_2f476e4b_fk_django_co` FOREIGN KEY (`content_type_id`) REFERENCES `django_content_type` (`id`)
) ENGINE=InnoDB AUTO_INCREMENT=33 DEFAULT CHARSET=utf8mb4 COLLATE=utf8mb4_0900_ai_ci;
/*!40101 SET character_set_client = @saved_cs_client */;

--
-- Dumping data for table `auth_permission`
--

LOCK TABLES `auth_permission` WRITE;
/*!40000 ALTER TABLE `auth_permission` DISABLE KEYS */;
INSERT INTO `auth_permission` VALUES (1,'Can add log entry',1,'add_logentry'),(2,'Can change log entry',1,'change_logentry'),(3,'Can delete log entry',1,'delete_logentry'),(4,'Can view log entry',1,'view_logentry'),(5,'Can add permission',2,'add_permission'),(6,'Can change permission',2,'change_permission'),(7,'Can delete permission',2,'delete_permission'),(8,'Can view permission',2,'view_permission'),(9,'Can add group',3,'add_group'),(10,'Can change group',3,'change_group'),(11,'Can delete group',3,'delete_group'),(12,'Can view group',3,'view_group'),(13,'Can add user',4,'add_user'),(14,'Can change user',4,'change_user'),(15,'Can delete user',4,'delete_user'),(16,'Can view user',4,'view_user'),(17,'Can add content type',5,'add_contenttype'),(18,'Can change content type',5,'change_contenttype'),(19,'Can delete content type',5,'delete_contenttype'),(20,'Can view content type',5,'view_contenttype'),(21,'Can add session',6,'add_session'),(22,'Can change session',6,'change_session'),(23,'Can delete session',6,'delete_session'),(24,'Can view session',6,'view_session'),(25,'Can add major',7,'add_major'),(26,'Can change major',7,'change_major'),(27,'Can delete major',7,'delete_major'),(28,'Can view major',7,'view_major'),(29,'Can add university',8,'add_university'),(30,'Can change university',8,'change_university'),(31,'Can delete university',8,'delete_university'),(32,'Can view university',8,'view_university');
/*!40000 ALTER TABLE `auth_permission` ENABLE KEYS */;
UNLOCK TABLES;

--
-- Table structure for table `auth_user`
--

DROP TABLE IF EXISTS `auth_user`;
/*!40101 SET @saved_cs_client     = @@character_set_client */;
/*!50503 SET character_set_client = utf8mb4 */;
CREATE TABLE `auth_user` (
  `id` int NOT NULL AUTO_INCREMENT,
  `password` varchar(128) NOT NULL,
  `last_login` datetime(6) DEFAULT NULL,
  `is_superuser` tinyint(1) NOT NULL,
  `username` varchar(150) NOT NULL,
  `first_name` varchar(150) NOT NULL,
  `last_name` varchar(150) NOT NULL,
  `email` varchar(254) NOT NULL,
  `is_staff` tinyint(1) NOT NULL,
  `is_active` tinyint(1) NOT NULL,
  `date_joined` datetime(6) NOT NULL,
  PRIMARY KEY (`id`),
  UNIQUE KEY `username` (`username`)
) ENGINE=InnoDB AUTO_INCREMENT=12 DEFAULT CHARSET=utf8mb4 COLLATE=utf8mb4_0900_ai_ci;
/*!40101 SET character_set_client = @saved_cs_client */;

--
-- Dumping data for table `auth_user`
--

LOCK TABLES `auth_user` WRITE;
/*!40000 ALTER TABLE `auth_user` DISABLE KEYS */;
INSERT INTO `auth_user` VALUES (1,'pbkdf2_sha256$600000$zQ3oBkcL2pW89qxpn2nfCY$5FTbSinroFFnUbSV4HwX1skbbqDFK8RmRjp+RJzMPHk=','2023-10-08 06:30:33.919610',1,'omar','','','omar@omar.com',1,1,'2023-10-08 06:30:30.317237'),(2,'pbkdf2_sha256$600000$cuoeUFbPzoh7dkmp2T9sly$g2t0hQqIWTBv0J2ZEQXm5YVfKbl0DVACpsGHRsWLa/c=','2023-10-08 06:49:42.426753',1,'omar1','','','omar@omar.com',1,1,'2023-10-08 06:32:51.216383'),(5,'pbkdf2_sha256$600000$SehQ09d1uCcipD84eBypeC$7B7MpE4B715YRJbl3V3Reds9NyR2sqLKDCK9fpveYZo=','2023-10-08 22:55:59.365247',1,'boss','','','boss@boss.com',1,1,'2023-10-08 22:55:55.048263'),(9,'pbkdf2_sha256$600000$ssOuiEajYe3372x5tMAVbE$jjLYd5rmvdsV/hClDLV2dxIbSkosy0DbxZ3N7daH17Q=','2023-10-12 17:00:04.362869',1,'omarboss','','','omar@gmail.com',1,1,'2023-10-12 15:51:27.634582'),(10,'pbkdf2_sha256$600000$3j7dugV6BzQfQtddevsIaF$r//338dP3PMeMTh1jnvovukqb+kkgNU+PgYIwiFPJK8=','2023-10-13 18:35:53.528931',0,'user','','','',0,1,'2023-10-13 18:24:15.706090'),(11,'pbkdf2_sha256$600000$b02Xg2P0tcsvXoLfAl3wqA$76qCyZ60jPvUxMEqfMJSBWKi8LaKUwP0A0YdquWKdKQ=','2023-10-14 09:33:38.231959',1,'user1','','','user@gmail.com',1,1,'2023-10-13 18:37:57.062053');
/*!40000 ALTER TABLE `auth_user` ENABLE KEYS */;
UNLOCK TABLES;

--
-- Table structure for table `auth_user_groups`
--

DROP TABLE IF EXISTS `auth_user_groups`;
/*!40101 SET @saved_cs_client     = @@character_set_client */;
/*!50503 SET character_set_client = utf8mb4 */;
CREATE TABLE `auth_user_groups` (
  `id` bigint NOT NULL AUTO_INCREMENT,
  `user_id` int NOT NULL,
  `group_id` int NOT NULL,
  PRIMARY KEY (`id`),
  UNIQUE KEY `auth_user_groups_user_id_group_id_94350c0c_uniq` (`user_id`,`group_id`),
  KEY `auth_user_groups_group_id_97559544_fk_auth_group_id` (`group_id`),
  CONSTRAINT `auth_user_groups_group_id_97559544_fk_auth_group_id` FOREIGN KEY (`group_id`) REFERENCES `auth_group` (`id`),
  CONSTRAINT `auth_user_groups_user_id_6a12ed8b_fk_auth_user_id` FOREIGN KEY (`user_id`) REFERENCES `auth_user` (`id`)
) ENGINE=InnoDB DEFAULT CHARSET=utf8mb4 COLLATE=utf8mb4_0900_ai_ci;
/*!40101 SET character_set_client = @saved_cs_client */;

--
-- Dumping data for table `auth_user_groups`
--

LOCK TABLES `auth_user_groups` WRITE;
/*!40000 ALTER TABLE `auth_user_groups` DISABLE KEYS */;
/*!40000 ALTER TABLE `auth_user_groups` ENABLE KEYS */;
UNLOCK TABLES;

--
-- Table structure for table `auth_user_user_permissions`
--

DROP TABLE IF EXISTS `auth_user_user_permissions`;
/*!40101 SET @saved_cs_client     = @@character_set_client */;
/*!50503 SET character_set_client = utf8mb4 */;
CREATE TABLE `auth_user_user_permissions` (
  `id` bigint NOT NULL AUTO_INCREMENT,
  `user_id` int NOT NULL,
  `permission_id` int NOT NULL,
  PRIMARY KEY (`id`),
  UNIQUE KEY `auth_user_user_permissions_user_id_permission_id_14a6b632_uniq` (`user_id`,`permission_id`),
  KEY `auth_user_user_permi_permission_id_1fbb5f2c_fk_auth_perm` (`permission_id`),
  CONSTRAINT `auth_user_user_permi_permission_id_1fbb5f2c_fk_auth_perm` FOREIGN KEY (`permission_id`) REFERENCES `auth_permission` (`id`),
  CONSTRAINT `auth_user_user_permissions_user_id_a95ead1b_fk_auth_user_id` FOREIGN KEY (`user_id`) REFERENCES `auth_user` (`id`)
) ENGINE=InnoDB DEFAULT CHARSET=utf8mb4 COLLATE=utf8mb4_0900_ai_ci;
/*!40101 SET character_set_client = @saved_cs_client */;

--
-- Dumping data for table `auth_user_user_permissions`
--

LOCK TABLES `auth_user_user_permissions` WRITE;
/*!40000 ALTER TABLE `auth_user_user_permissions` DISABLE KEYS */;
/*!40000 ALTER TABLE `auth_user_user_permissions` ENABLE KEYS */;
UNLOCK TABLES;

--
-- Table structure for table `django_admin_log`
--

DROP TABLE IF EXISTS `django_admin_log`;
/*!40101 SET @saved_cs_client     = @@character_set_client */;
/*!50503 SET character_set_client = utf8mb4 */;
CREATE TABLE `django_admin_log` (
  `id` int NOT NULL AUTO_INCREMENT,
  `action_time` datetime(6) NOT NULL,
  `object_id` longtext,
  `object_repr` varchar(200) NOT NULL,
  `action_flag` smallint unsigned NOT NULL,
  `change_message` longtext NOT NULL,
  `content_type_id` int DEFAULT NULL,
  `user_id` int NOT NULL,
  PRIMARY KEY (`id`),
  KEY `django_admin_log_content_type_id_c4bce8eb_fk_django_co` (`content_type_id`),
  KEY `django_admin_log_user_id_c564eba6_fk_auth_user_id` (`user_id`),
  CONSTRAINT `django_admin_log_content_type_id_c4bce8eb_fk_django_co` FOREIGN KEY (`content_type_id`) REFERENCES `django_content_type` (`id`),
  CONSTRAINT `django_admin_log_user_id_c564eba6_fk_auth_user_id` FOREIGN KEY (`user_id`) REFERENCES `auth_user` (`id`),
  CONSTRAINT `django_admin_log_chk_1` CHECK ((`action_flag` >= 0))
) ENGINE=InnoDB AUTO_INCREMENT=590 DEFAULT CHARSET=utf8mb4 COLLATE=utf8mb4_0900_ai_ci;
/*!40101 SET character_set_client = @saved_cs_client */;

--
-- Dumping data for table `django_admin_log`
--

LOCK TABLES `django_admin_log` WRITE;
/*!40000 ALTER TABLE `django_admin_log` DISABLE KEYS */;
INSERT INTO `django_admin_log` VALUES (1,'2023-10-08 06:34:12.574362','1','medicine',1,'[{\"added\": {}}]',7,2),(2,'2023-10-08 06:34:23.313682','2','computer science',1,'[{\"added\": {}}]',7,2),(3,'2023-10-08 06:34:46.105738','1','harvard',1,'[{\"added\": {}}]',8,2),(4,'2023-10-08 06:49:49.005595','3','finance',1,'[{\"added\": {}}]',7,2),(5,'2023-10-08 06:49:59.366495','1','meu',2,'[{\"changed\": {\"fields\": [\"Name\", \"Country\", \"Majors\", \"ExtraCost\"]}}]',8,2),(6,'2023-10-08 06:50:47.852164','2','london',1,'[{\"added\": {}}]',8,2),(7,'2023-10-08 22:40:55.535566','3','finance',3,'',7,2),(8,'2023-10-08 22:40:59.241552','2','computer science',3,'',7,2),(9,'2023-10-08 22:41:02.935708','1','medicine',3,'',7,2),(10,'2023-10-08 22:41:15.277048','2','london',3,'',8,2),(11,'2023-10-08 22:41:20.276772','1','meu',3,'',8,2),(12,'2023-10-08 22:41:43.694339','4','harvard',1,'[{\"added\": {}}]',7,2),(13,'2023-10-08 22:41:51.038466','3','london',1,'[{\"added\": {}}]',8,2),(14,'2023-10-08 22:42:06.002190','4','london',1,'[{\"added\": {}}]',8,2),(15,'2023-10-08 22:43:11.157745','4','london',3,'',8,2),(16,'2023-10-08 22:43:14.188826','3','london',3,'',8,2),(17,'2023-10-08 22:43:21.014600','4','harvard',3,'',7,2),(18,'2023-10-08 22:45:03.093416','1','cs',1,'[{\"added\": {}}]',7,2),(19,'2023-10-08 22:45:14.542653','1','cs',3,'',7,2),(20,'2023-10-08 22:48:00.689322','2','finance',1,'[{\"added\": {}}]',7,2),(21,'2023-10-08 22:48:41.851950','1','harvard',1,'[{\"added\": {}}]',8,2),(22,'2023-10-08 23:01:37.282237','3','cs',1,'[{\"added\": {}}]',7,5),(23,'2023-10-08 23:01:44.849609','4','med',1,'[{\"added\": {}}]',7,5),(24,'2023-10-08 23:02:08.507467','2','NY',1,'[{\"added\": {}}]',8,5),(25,'2023-10-08 23:02:24.493117','3','mass',1,'[{\"added\": {}}]',8,5),(26,'2023-10-08 23:02:37.852266','4','omar shaqfeh',1,'[{\"added\": {}}]',8,5),(27,'2023-10-08 23:13:30.055937','4','omar shaqfeh',3,'',8,5),(28,'2023-10-08 23:13:34.263038','3','mass',3,'',8,5),(29,'2023-10-08 23:13:37.394772','2','NY',3,'',8,5),(30,'2023-10-08 23:13:40.728853','1','harvard',3,'',8,5),(31,'2023-10-08 23:13:49.093196','4','med',3,'',7,5),(32,'2023-10-08 23:13:51.951054','3','cs',3,'',7,5),(33,'2023-10-08 23:13:54.212547','2','finance',3,'',7,5),(34,'2023-10-08 23:14:21.000348','5','Medicine',1,'[{\"added\": {}}]',7,5),(35,'2023-10-08 23:14:36.070464','6','Engineering',1,'[{\"added\": {}}]',7,5),(36,'2023-10-08 23:14:52.280674','7','Finance',1,'[{\"added\": {}}]',7,5),(37,'2023-10-08 23:15:05.159924','8','Computer Science',1,'[{\"added\": {}}]',7,5),(38,'2023-10-08 23:15:35.169222','5','Medicine',2,'[{\"changed\": {\"fields\": [\"Cost\"]}}]',7,5),(39,'2023-10-08 23:15:43.000595','6','Engineering',2,'[{\"changed\": {\"fields\": [\"Cost\"]}}]',7,5),(40,'2023-10-08 23:15:47.537139','7','Finance',2,'[{\"changed\": {\"fields\": [\"Cost\"]}}]',7,5),(41,'2023-10-08 23:16:02.952739','8','Computer Science',2,'[{\"changed\": {\"fields\": [\"Cost\"]}}]',7,5),(42,'2023-10-08 23:16:22.471842','9','Business',1,'[{\"added\": {}}]',7,5),(43,'2023-10-08 23:16:31.594061','10','Physics',1,'[{\"added\": {}}]',7,5),(44,'2023-10-08 23:16:40.345223','11','Nursing',1,'[{\"added\": {}}]',7,5),(45,'2023-10-08 23:16:55.192019','12','Philosophy',1,'[{\"added\": {}}]',7,5),(46,'2023-10-08 23:17:10.497059','13','English Literature',1,'[{\"added\": {}}]',7,5),(47,'2023-10-08 23:17:21.872321','14','Digital Marketing',1,'[{\"added\": {}}]',7,5),(48,'2023-10-08 23:17:40.673048','15','Psychology',1,'[{\"added\": {}}]',7,5),(49,'2023-10-08 23:17:51.880943','16','Interpretation',1,'[{\"added\": {}}]',7,5),(50,'2023-10-08 23:18:13.424777','17','Linguistics',1,'[{\"added\": {}}]',7,5),(51,'2023-10-08 23:18:23.264491','18','Biology',1,'[{\"added\": {}}]',7,5),(52,'2023-10-08 23:18:30.824705','19','Geography',1,'[{\"added\": {}}]',7,5),(53,'2023-10-08 23:18:39.848016','20','History',1,'[{\"added\": {}}]',7,5),(54,'2023-10-08 23:23:06.461895','5','Harvard University',1,'[{\"added\": {}}]',8,5),(55,'2023-10-08 23:24:32.172909','6','Stanford University',1,'[{\"added\": {}}]',8,5),(56,'2023-10-08 23:25:10.924173','7','Johns Hopkins University',1,'[{\"added\": {}}]',8,5),(57,'2023-10-08 23:25:40.116553','8','https://www.yale.edu/',1,'[{\"added\": {}}]',8,5),(58,'2023-10-08 23:26:46.756123','9','Columbia University',1,'[{\"added\": {}}]',8,5),(59,'2023-10-08 23:27:18.348529','10','University of California - Los Angeles',1,'[{\"added\": {}}]',8,5),(60,'2023-10-08 23:27:56.547979','11','University of Pennsylvania',1,'[{\"added\": {}}]',8,5),(61,'2023-10-08 23:28:21.746351','12','University of Washington',1,'[{\"added\": {}}]',8,5),(62,'2023-10-08 23:28:41.226543','13','Duke University',1,'[{\"added\": {}}]',8,5),(63,'2023-10-08 23:29:02.715550','14','University of Chicago',1,'[{\"added\": {}}]',8,5),(64,'2023-10-08 23:29:52.307448','15','Hull York Medical School',1,'[{\"added\": {}}]',8,5),(65,'2023-10-08 23:30:21.307645','16','St George\'s University of London',1,'[{\"added\": {}}]',8,5),(66,'2023-10-08 23:30:48.820003','17','Leicester Medical School',1,'[{\"added\": {}}]',8,5),(67,'2023-10-08 23:31:22.404164','18','Warwick Medical School',1,'[{\"added\": {}}]',8,5),(68,'2023-10-08 23:31:40.539190','19','University of Cambridge',1,'[{\"added\": {}}]',8,5),(69,'2023-10-08 23:31:57.243298','20','University of Aberdeen',1,'[{\"added\": {}}]',8,5),(70,'2023-10-08 23:32:22.267728','21','University of Edinburgh',1,'[{\"added\": {}}]',8,5),(71,'2023-10-08 23:32:50.162627','22','Imperial College London',1,'[{\"added\": {}}]',8,5),(72,'2023-10-08 23:33:09.979419','23','University of St Andrews',1,'[{\"added\": {}}]',8,5),(73,'2023-10-08 23:34:31.779081','24','University of Toronto',1,'[{\"added\": {}}]',8,5),(74,'2023-10-08 23:34:53.747919','25','McGill University',1,'[{\"added\": {}}]',8,5),(75,'2023-10-08 23:35:34.877450','26','McMaster University',1,'[{\"added\": {}}]',8,5),(76,'2023-10-08 23:35:54.411203','27','Queen’s University',1,'[{\"added\": {}}]',8,5),(77,'2023-10-08 23:36:45.955541','28','University of Sherbrooke',1,'[{\"added\": {}}]',8,5),(78,'2023-10-08 23:41:30.811625','29','university of british columbia',1,'[{\"added\": {}}]',8,5),(79,'2023-10-08 23:42:11.814862','30','University of Alberta',1,'[{\"added\": {}}]',8,5),(80,'2023-10-08 23:42:41.372162','31','University of Calgary',1,'[{\"added\": {}}]',8,5),(81,'2023-10-08 23:44:04.786732','32','Heidelberg University',1,'[{\"added\": {}}]',8,5),(82,'2023-10-08 23:44:35.250739','33','Charité - Universitätsmedizin Berlin',1,'[{\"added\": {}}]',8,5),(83,'2023-10-08 23:44:53.332745','34','Goethe University Frankfurt',1,'[{\"added\": {}}]',8,5),(84,'2023-10-08 23:45:20.666773','35','University of Tübingen',1,'[{\"added\": {}}]',8,5),(85,'2023-10-08 23:46:27.474853','36','GULF MEDICAL UNIVERSITY',1,'[{\"added\": {}}]',8,5),(86,'2023-10-08 23:46:47.938613','37','RAK Medical and Health Sciences University',1,'[{\"added\": {}}]',8,5),(87,'2023-10-08 23:47:11.234419','38','Royal College of Surgeons in Ireland (Dubai)',1,'[{\"added\": {}}]',8,5),(88,'2023-10-08 23:48:10.245507','39','Jordan University of Science and Technology',1,'[{\"added\": {}}]',8,5),(89,'2023-10-08 23:48:30.724120','40','University of Jordan',1,'[{\"added\": {}}]',8,5),(90,'2023-10-08 23:48:56.812048','41','Mutah University',1,'[{\"added\": {}}]',8,5),(91,'2023-10-08 23:49:21.570316','42','Hashemite University',1,'[{\"added\": {}}]',8,5),(92,'2023-10-08 23:50:26.227720','43','Perm State Medical University',1,'[{\"added\": {}}]',8,5),(93,'2023-10-08 23:50:44.299397','44','Mari State University',1,'[{\"added\": {}}]',8,5),(94,'2023-10-08 23:51:04.450612','45','Orenburg State Medical University',1,'[{\"added\": {}}]',8,5),(95,'2023-10-08 23:51:49.523564','46','University of Cyprus',1,'[{\"added\": {}}]',8,5),(96,'2023-10-08 23:52:07.266286','47','Eastern Mediterranean University',1,'[{\"added\": {}}]',8,5),(97,'2023-10-08 23:52:29.810603','48','Cyprus International University',1,'[{\"added\": {}}]',8,5),(98,'2023-10-08 23:52:46.979155','49','University of Nicosia',1,'[{\"added\": {}}]',8,5),(99,'2023-10-08 23:53:29.851517','50','Cairo University',1,'[{\"added\": {}}]',8,5),(100,'2023-10-08 23:53:49.259220','51','Ain Shams University',1,'[{\"added\": {}}]',8,5),(101,'2023-10-08 23:54:11.259145','52','Alexandria University',1,'[{\"added\": {}}]',8,5),(102,'2023-10-08 23:54:26.166399','53','Mansoura University',1,'[{\"added\": {}}]',8,5),(103,'2023-10-08 23:55:21.890655','54','International Medical University, Kuala Lumpur',1,'[{\"added\": {}}]',8,5),(104,'2023-10-08 23:55:45.626416','55','Newcastle University of Medicine',1,'[{\"added\": {}}]',8,5),(105,'2023-10-08 23:56:08.117460','56','Penang Medical College',1,'[{\"added\": {}}]',8,5),(106,'2023-10-08 23:56:30.858802','57','Monash University, Malaysia',1,'[{\"added\": {}}]',8,5),(107,'2023-10-08 23:57:33.588736','58','University of Barcelona',1,'[{\"added\": {}}]',8,5),(108,'2023-10-08 23:58:32.931377','59','Autonomous University of Barcelona',1,'[{\"added\": {}}]',8,5),(109,'2023-10-08 23:58:54.111360','60','Complutense University of Madrid',1,'[{\"added\": {}}]',8,5),(110,'2023-10-08 23:59:10.611159','61','University of Navarra',1,'[{\"added\": {}}]',8,5),(111,'2023-10-09 00:05:02.111235','62','Massachusetts Institute of Technology',1,'[{\"added\": {}}]',8,5),(112,'2023-10-09 00:06:13.982928','6','Stanford University',2,'[{\"changed\": {\"fields\": [\"Majors\", \"ExtraCost\"]}}]',8,5),(113,'2023-10-09 00:07:00.370063','63','University of California, Berkeley',1,'[{\"added\": {}}]',8,5),(114,'2023-10-09 00:08:05.341990','8','Yale University',2,'[{\"changed\": {\"fields\": [\"Name\"]}}]',8,5),(115,'2023-10-09 00:08:16.557442','22','Imperial College London',2,'[{\"changed\": {\"fields\": [\"Majors\"]}}]',8,5),(116,'2023-10-09 00:08:42.155868','64','University of Oxford',1,'[{\"added\": {}}]',8,5),(117,'2023-10-09 00:09:28.757414','65','University College London',1,'[{\"added\": {}}]',8,5),(118,'2023-10-09 00:09:48.443212','66','University of Manchester',1,'[{\"added\": {}}]',8,5),(119,'2023-10-09 00:10:23.717781','67','University of Leeds',1,'[{\"added\": {}}]',8,5),(120,'2023-10-09 00:10:44.747408','68','University of Waterloo',1,'[{\"added\": {}}]',8,5),(121,'2023-10-09 00:11:33.157340','24','University of Toronto',2,'[{\"changed\": {\"fields\": [\"Majors\", \"ExtraCost\"]}}]',8,5),(122,'2023-10-09 00:11:57.670787','29','university of british columbia',2,'[{\"changed\": {\"fields\": [\"Majors\"]}}]',8,5),(123,'2023-10-09 00:12:14.237441','30','University of Alberta',2,'[{\"changed\": {\"fields\": [\"Majors\", \"ExtraCost\"]}}]',8,5),(124,'2023-10-09 00:12:27.468027','26','McMaster University',2,'[{\"changed\": {\"fields\": [\"Majors\", \"ExtraCost\"]}}]',8,5),(125,'2023-10-09 00:12:51.307601','69','Technical University of Munich',1,'[{\"added\": {}}]',8,5),(126,'2023-10-09 00:14:25.120720','70','RWTH Aachen University',1,'[{\"added\": {}}]',8,5),(127,'2023-10-09 00:15:23.955323','71','University of Stuttgart',1,'[{\"added\": {}}]',8,5),(128,'2023-10-09 00:16:09.861090','72','THE BRITISH UNIVERSITY IN DUBAI',1,'[{\"added\": {}}]',8,5),(129,'2023-10-09 00:16:40.782018','73','UNIVERSITY OF DUBAI',1,'[{\"added\": {}}]',8,5),(130,'2023-10-09 00:17:05.823218','74','THE UNIVERSITY OF WOLLONGONG IN DUBAI',1,'[{\"added\": {}}]',8,5),(131,'2023-10-09 00:17:25.259678','40','University of Jordan',2,'[{\"changed\": {\"fields\": [\"Majors\"]}}]',8,5),(132,'2023-10-09 00:17:42.395979','42','Hashemite University',2,'[{\"changed\": {\"fields\": [\"Majors\"]}}]',8,5),(133,'2023-10-09 00:18:17.827758','39','Jordan University of Science and Technology',2,'[{\"changed\": {\"fields\": [\"Majors\"]}}]',8,5),(134,'2023-10-09 00:18:42.331760','75','Yarmouk',1,'[{\"added\": {}}]',8,5),(135,'2023-10-09 00:19:17.068545','76','ITMO University',1,'[{\"added\": {}}]',8,5),(136,'2023-10-09 00:19:40.731152','77','Tomsk State University',1,'[{\"added\": {}}]',8,5),(137,'2023-10-09 00:19:59.218815','78','Lomonosov Moscow State University',1,'[{\"added\": {}}]',8,5),(138,'2023-10-09 00:20:35.844505','79','Saint Petersburg State University',1,'[{\"added\": {}}]',8,5),(139,'2023-10-09 00:21:30.059771','80','Near East University',1,'[{\"added\": {}}]',8,5),(140,'2023-10-09 00:21:41.693698','46','University of Cyprus',2,'[{\"changed\": {\"fields\": [\"Majors\"]}}]',8,5),(141,'2023-10-09 00:21:56.348624','50','Cairo University',2,'[{\"changed\": {\"fields\": [\"Majors\"]}}]',8,5),(142,'2023-10-09 00:22:17.381304','81','Kafrelsheikh University',1,'[{\"added\": {}}]',8,5),(143,'2023-10-09 00:22:44.061183','82','Minia University',1,'[{\"added\": {}}]',8,5),(144,'2023-10-09 00:23:08.652369','51','Ain Shams University',2,'[{\"changed\": {\"fields\": [\"Majors\"]}}]',8,5),(145,'2023-10-09 00:23:33.571153','83','Universiti Malaya',1,'[{\"added\": {}}]',8,5),(146,'2023-10-09 00:23:53.915297','84','Universiti Teknologi Malaysia',1,'[{\"added\": {}}]',8,5),(147,'2023-10-09 00:24:30.083017','85','Polytechnic University of Catalonia',1,'[{\"added\": {}}]',8,5),(148,'2023-10-09 00:24:47.475703','86','University of Sevilla',1,'[{\"added\": {}}]',8,5),(149,'2023-10-09 00:25:05.531661','87','Universidad Politecnica de Madrid',1,'[{\"added\": {}}]',8,5),(150,'2023-10-09 00:25:46.453920','62','Massachusetts Institute of Technology',2,'[{\"changed\": {\"fields\": [\"Majors\", \"ExtraCost\"]}}]',8,5),(151,'2023-10-09 00:26:00.324003','63','University of California, Berkeley',2,'[{\"changed\": {\"fields\": [\"Majors\", \"ExtraCost\"]}}]',8,5),(152,'2023-10-09 00:26:21.554889','88','University of Michigan--Ann Arbor',1,'[{\"added\": {}}]',8,5),(153,'2023-10-09 00:26:39.452717','89','New York University',1,'[{\"added\": {}}]',8,5),(154,'2023-10-09 00:27:10.627289','90','University of Edinburgh, Edinburgh',1,'[{\"added\": {}}]',8,5),(155,'2023-10-09 00:27:36.262338','91','King\'s College London, London',1,'[{\"added\": {}}]',8,5),(156,'2023-10-09 00:27:58.463587','22','Imperial College London',2,'[{\"changed\": {\"fields\": [\"Majors\", \"ExtraCost\"]}}]',8,5),(157,'2023-10-09 00:28:14.476692','64','University of Oxford',2,'[{\"changed\": {\"fields\": [\"Majors\"]}}]',8,5),(158,'2023-10-09 00:28:26.877587','24','University of Toronto',2,'[{\"changed\": {\"fields\": [\"Majors\"]}}]',8,5),(159,'2023-10-09 00:28:38.700525','25','McGill University',2,'[{\"changed\": {\"fields\": [\"Majors\"]}}]',8,5),(160,'2023-10-09 00:28:49.891692','29','university of british columbia',2,'[{\"changed\": {\"fields\": [\"Majors\"]}}]',8,5),(161,'2023-10-09 01:08:01.207357','92','Technical University Munich',1,'[{\"added\": {}}]',8,5),(162,'2023-10-09 01:08:22.351671','93','Ludwig Maximilian University of Munich',1,'[{\"added\": {}}]',8,5),(163,'2023-10-09 01:08:46.895859','94','University of Tuebingen',1,'[{\"added\": {}}]',8,5),(164,'2023-10-09 01:09:08.366625','95','University of Goettingen',1,'[{\"added\": {}}]',8,5),(165,'2023-10-09 01:09:33.600181','96','Zayed University',1,'[{\"added\": {}}]',8,5),(166,'2023-10-09 01:09:56.871565','97','University of Birmingham Dubai',1,'[{\"added\": {}}]',8,5),(167,'2023-10-09 01:10:15.882070','98','University of Wollongong Dubai',1,'[{\"added\": {}}]',8,5),(168,'2023-10-09 01:10:39.751575','99','Applied Science Private University',1,'[{\"added\": {}}]',8,5),(169,'2023-10-09 01:11:01.391497','100','Middle East University Jordan',1,'[{\"added\": {}}]',8,5),(170,'2023-10-09 01:11:20.862635','101','Al-Ahliyya Amman University',1,'[{\"added\": {}}]',8,5),(171,'2023-10-09 01:11:42.366733','102','Philadelphia University',1,'[{\"added\": {}}]',8,5),(172,'2023-10-09 01:12:02.015271','103','Moscow State University',1,'[{\"added\": {}}]',8,5),(173,'2023-10-09 01:12:31.968294','104','National Research University Higher School of Economics',1,'[{\"added\": {}}]',8,5),(174,'2023-10-09 01:12:49.015188','105','St. Petersburg State University',1,'[{\"added\": {}}]',8,5),(175,'2023-10-09 01:13:07.727262','106','Finance Academy under the Government of the Russian Federation',1,'[{\"added\": {}}]',8,5),(176,'2023-10-09 01:13:18.905286','46','University of Cyprus',2,'[{\"changed\": {\"fields\": [\"Majors\"]}}]',8,5),(177,'2023-10-09 01:13:44.024621','107','Cyprus University of Technology',1,'[{\"added\": {}}]',8,5),(178,'2023-10-09 01:14:07.065198','108','Future University in Egypt',1,'[{\"added\": {}}]',8,5),(179,'2023-10-09 01:14:24.126703','109','Al-Azhar University',1,'[{\"added\": {}}]',8,5),(180,'2023-10-09 01:14:51.177711','110','Damietta University',1,'[{\"added\": {}}]',8,5),(181,'2023-10-09 01:15:07.727366','111','Monash University Malaysia',1,'[{\"added\": {}}]',8,5),(182,'2023-10-09 01:15:29.568601','112','University of Nottingham Malaysia',1,'[{\"added\": {}}]',8,5),(183,'2023-10-09 01:15:39.359809','83','Universiti Malaya',2,'[{\"changed\": {\"fields\": [\"Majors\"]}}]',8,5),(184,'2023-10-09 01:15:58.712795','113','University of Valencia',1,'[{\"added\": {}}]',8,5),(185,'2023-10-09 01:16:15.266469','114','EU Business School',1,'[{\"added\": {}}]',8,5),(186,'2023-10-09 01:16:51.023030','115','Charles III University of Madrid',1,'[{\"added\": {}}]',8,5),(187,'2023-10-09 01:18:43.777539','12','University of Washington',2,'[{\"changed\": {\"fields\": [\"Majors\"]}}]',8,5),(188,'2023-10-09 01:18:59.743363','62','Massachusetts Institute of Technology',2,'[{\"changed\": {\"fields\": [\"Majors\"]}}]',8,5),(189,'2023-10-09 01:19:27.623036','116','University of Illinois Urbana-Champaign',1,'[{\"added\": {}}]',8,5),(190,'2023-10-09 01:19:46.912072','117','Cornell University',1,'[{\"added\": {}}]',8,5),(191,'2023-10-09 01:20:09.144312','118','University of Bristol',1,'[{\"added\": {}}]',8,5),(192,'2023-10-09 01:20:26.408894','119','Queen Mary University of London',1,'[{\"added\": {}}]',8,5),(193,'2023-10-09 01:20:58.760076','65','University College London',2,'[{\"changed\": {\"fields\": [\"Majors\", \"ExtraCost\"]}}]',8,5),(194,'2023-10-09 01:21:09.409039','64','University of Oxford',2,'[{\"changed\": {\"fields\": [\"Majors\"]}}]',8,5),(195,'2023-10-09 01:21:33.976070','19','University of Cambridge',2,'[{\"changed\": {\"fields\": [\"Majors\"]}}]',8,5),(196,'2023-10-09 01:21:47.064323','24','University of Toronto',2,'[{\"changed\": {\"fields\": [\"Majors\"]}}]',8,5),(197,'2023-10-09 01:21:54.390894','68','University of Waterloo',2,'[{\"changed\": {\"fields\": [\"Majors\"]}}]',8,5),(198,'2023-10-09 01:22:01.783326','29','university of british columbia',2,'[{\"changed\": {\"fields\": [\"Majors\"]}}]',8,5),(199,'2023-10-09 01:22:33.048610','120','University of Ottawa',1,'[{\"added\": {}}]',8,5),(200,'2023-10-09 01:22:42.383343','69','Technical University of Munich',2,'[{\"changed\": {\"fields\": [\"Majors\"]}}]',8,5),(201,'2023-10-09 01:23:19.736404','93','Ludwig Maximilian University of Munich',2,'[{\"changed\": {\"fields\": [\"Majors\"]}}]',8,5),(202,'2023-10-09 01:23:39.526798','121','Technical University Berlin',1,'[{\"added\": {}}]',8,5),(203,'2023-10-09 01:24:00.328411','32','Heidelberg University',2,'[{\"changed\": {\"fields\": [\"Majors\"]}}]',8,5),(204,'2023-10-09 01:24:11.400248','97','University of Birmingham Dubai',2,'[{\"changed\": {\"fields\": [\"Majors\"]}}]',8,5),(205,'2023-10-09 01:24:20.878938','98','University of Wollongong Dubai',2,'[{\"changed\": {\"fields\": [\"Majors\"]}}]',8,5),(206,'2023-10-09 01:24:48.207183','122','Canadian University Dubai',1,'[{\"added\": {}}]',8,5),(207,'2023-10-09 01:25:02.448129','40','University of Jordan',2,'[{\"changed\": {\"fields\": [\"Majors\", \"ExtraCost\"]}}]',8,5),(208,'2023-10-09 01:25:26.283518','123','Princess Sumaya University for Technology',1,'[{\"added\": {}}]',8,5),(209,'2023-10-09 01:25:41.559585','100','Middle East University Jordan',2,'[{\"changed\": {\"fields\": [\"Majors\"]}}]',8,5),(210,'2023-10-09 01:25:50.529030','99','Applied Science Private University',2,'[{\"changed\": {\"fields\": [\"Majors\"]}}]',8,5),(211,'2023-10-09 01:25:59.548483','103','Moscow State University',2,'[{\"changed\": {\"fields\": [\"Majors\"]}}]',8,5),(212,'2023-10-09 01:26:21.143326','124','HSE University',1,'[{\"added\": {}}]',8,5),(213,'2023-10-09 01:26:39.071236','125','Bauman Moscow State Technical University',1,'[{\"added\": {}}]',8,5),(214,'2023-10-09 01:27:21.554935','79','Saint Petersburg State University',2,'[{\"changed\": {\"fields\": [\"Majors\", \"ExtraCost\"]}}]',8,5),(215,'2023-10-09 01:27:31.532555','46','University of Cyprus',2,'[{\"changed\": {\"fields\": [\"Majors\"]}}]',8,5),(216,'2023-10-09 01:27:42.418104','49','University of Nicosia',2,'[{\"changed\": {\"fields\": [\"Majors\"]}}]',8,5),(217,'2023-10-09 01:27:51.871587','107','Cyprus University of Technology',2,'[{\"changed\": {\"fields\": [\"Majors\"]}}]',8,5),(218,'2023-10-09 01:27:57.878272','107','Cyprus University of Technology',2,'[{\"changed\": {\"fields\": [\"ExtraCost\"]}}]',8,5),(219,'2023-10-09 01:28:07.896019','50','Cairo University',2,'[{\"changed\": {\"fields\": [\"Majors\"]}}]',8,5),(220,'2023-10-09 01:28:26.887535','126','The American University in Cairo',1,'[{\"added\": {}}]',8,5),(221,'2023-10-09 01:28:46.599262','127','Misr International University',1,'[{\"added\": {}}]',8,5),(222,'2023-10-09 01:28:57.777248','83','Universiti Malaya',2,'[{\"changed\": {\"fields\": [\"Majors\"]}}]',8,5),(223,'2023-10-09 01:29:05.647631','112','University of Nottingham Malaysia',2,'[{\"changed\": {\"fields\": [\"Majors\"]}}]',8,5),(224,'2023-10-09 01:29:12.096006','84','Universiti Teknologi Malaysia',2,'[{\"changed\": {\"fields\": [\"Majors\"]}}]',8,5),(225,'2023-10-09 01:29:32.806836','128','University of Granada',1,'[{\"added\": {}}]',8,5),(226,'2023-10-09 01:30:07.704388','85','Polytechnic University of Catalonia',2,'[{\"changed\": {\"fields\": [\"Majors\"]}}]',8,5),(227,'2023-10-09 01:30:19.680939','87','Universidad Politecnica de Madrid',2,'[{\"changed\": {\"fields\": [\"Majors\"]}}]',8,5),(228,'2023-10-09 01:30:46.815267','129','MIT Sloan School of Management',1,'[{\"added\": {}}]',8,5),(229,'2023-10-09 01:31:04.414707','130','NYU Stern School of Business',1,'[{\"added\": {}}]',8,5),(230,'2023-10-09 01:31:23.471121','131','University of Chicago Booth School of Business',1,'[{\"added\": {}}]',8,5),(231,'2023-10-09 01:31:40.864626','132','London Business School',1,'[{\"added\": {}}]',8,5),(232,'2023-10-09 01:32:01.311512','133','Warwick Business School',1,'[{\"added\": {}}]',8,5),(233,'2023-10-09 01:32:19.767876','134','Business School Durham University',1,'[{\"added\": {}}]',8,5),(234,'2023-10-09 01:32:35.815283','135','University of Exeter Business School',1,'[{\"added\": {}}]',8,5),(235,'2023-10-09 01:32:55.271711','136','Rotman School of Management',1,'[{\"added\": {}}]',8,5),(236,'2023-10-09 01:33:11.001071','137','Desautels Faculty of Management, McGill University',1,'[{\"added\": {}}]',8,5),(237,'2023-10-09 01:33:27.630389','138','Smith School of Business at Queen\'s University',1,'[{\"added\": {}}]',8,5),(238,'2023-10-09 01:33:48.175002','139','Sobey School of Business at Saint Mary\'s University',1,'[{\"added\": {}}]',8,5),(239,'2023-10-09 01:34:01.830331','140','ESMT Berlin',1,'[{\"added\": {}}]',8,5),(240,'2023-10-09 01:34:17.122729','141','WHU - Otto Beisheim School of Management',1,'[{\"added\": {}}]',8,5),(241,'2023-10-09 01:34:33.984068','142','Mannheim Business School gGmbH',1,'[{\"added\": {}}]',8,5),(242,'2023-10-09 01:34:56.383351','143','Kühne Logistics University gGmbH',1,'[{\"added\": {}}]',8,5),(243,'2023-10-09 01:35:13.534814','144','LONDON BUSINESS SCHOOL DUBAI',1,'[{\"added\": {}}]',8,5),(244,'2023-10-09 01:35:43.865709','145','UNIVERSITY OF WOLLONGONG',1,'[{\"added\": {}}]',8,5),(245,'2023-10-09 01:36:09.335354','146','MURDOCH UNIVERSITY',1,'[{\"added\": {}}]',8,5),(246,'2023-10-09 01:36:27.352007','40','University of Jordan',2,'[{\"changed\": {\"fields\": [\"Majors\"]}}]',8,5),(247,'2023-10-09 01:37:00.655672','147','German Jordanian University',1,'[{\"added\": {}}]',8,5),(248,'2023-10-09 01:37:20.488221','148','Yarmouk University',1,'[{\"added\": {}}]',8,5),(249,'2023-10-09 01:37:36.726454','149','Isra University',1,'[{\"added\": {}}]',8,5),(250,'2023-10-09 01:38:00.825244','104','National Research University Higher School of Economics',2,'[{\"changed\": {\"fields\": [\"Majors\"]}}]',8,5),(251,'2023-10-09 01:38:10.159377','103','Moscow State University',2,'[{\"changed\": {\"fields\": [\"Majors\"]}}]',8,5),(252,'2023-10-09 01:38:17.998815','105','St. Petersburg State University',2,'[{\"changed\": {\"fields\": [\"Majors\"]}}]',8,5),(253,'2023-10-09 01:38:43.560959','46','University of Cyprus',2,'[{\"changed\": {\"fields\": [\"Majors\"]}}]',8,5),(254,'2023-10-09 01:43:21.831080','150','The Philips University',1,'[{\"added\": {}}]',8,5),(255,'2023-10-09 01:43:51.247233','151','Open University Of Cyprus',1,'[{\"added\": {}}]',8,5),(256,'2023-10-09 01:44:12.302302','152','American University In Cairo',1,'[{\"added\": {}}]',8,5),(257,'2023-10-09 01:44:24.256228','50','Cairo University',2,'[{\"changed\": {\"fields\": [\"Majors\"]}}]',8,5),(258,'2023-10-09 01:44:54.510261','153','German University in Cairo',1,'[{\"added\": {}}]',8,5),(259,'2023-10-09 01:45:11.943522','52','Alexandria University',2,'[{\"changed\": {\"fields\": [\"Majors\"]}}]',8,5),(260,'2023-10-09 01:45:34.655284','154','Asia Pacific University of Technology & Innovation',1,'[{\"added\": {}}]',8,5),(261,'2023-10-09 01:46:10.479519','111','Monash University Malaysia',2,'[{\"changed\": {\"fields\": [\"Majors\"]}}]',8,5),(262,'2023-10-09 01:46:34.479818','155','Curtin University Malaysia',1,'[{\"added\": {}}]',8,5),(263,'2023-10-09 01:46:51.399464','156','ESADE Business School',1,'[{\"added\": {}}]',8,5),(264,'2023-10-09 01:47:08.987755','157','IE Business School',1,'[{\"added\": {}}]',8,5),(265,'2023-10-09 01:47:25.872618','158','IESE Business School',1,'[{\"added\": {}}]',8,5),(266,'2023-10-09 01:47:51.473102','159','California Institute of Technology',1,'[{\"added\": {}}]',8,5),(267,'2023-10-09 01:48:06.329314','62','Massachusetts Institute of Technology',2,'[{\"changed\": {\"fields\": [\"Majors\"]}}]',8,5),(268,'2023-10-09 01:48:26.423406','160','The University of Arizona',1,'[{\"added\": {}}]',8,5),(269,'2023-10-09 01:48:40.311588','22','Imperial College London',2,'[{\"changed\": {\"fields\": [\"Majors\"]}}]',8,5),(270,'2023-10-09 01:49:05.040727','161','University of Glasgow',1,'[{\"added\": {}}]',8,5),(271,'2023-10-09 01:49:15.207259','119','Queen Mary University of London',2,'[{\"changed\": {\"fields\": [\"Majors\"]}}]',8,5),(272,'2023-10-09 01:49:32.049733','19','University of Cambridge',2,'[{\"changed\": {\"fields\": [\"Majors\"]}}]',8,5),(273,'2023-10-09 01:49:40.335743','68','University of Waterloo',2,'[{\"changed\": {\"fields\": [\"Majors\"]}}]',8,5),(274,'2023-10-09 01:49:57.679935','162','University of Victoria',1,'[{\"added\": {}}]',8,5),(275,'2023-10-09 01:50:17.003709','163','University of Montreal',1,'[{\"added\": {}}]',8,5),(276,'2023-10-09 01:50:30.688050','93','Ludwig Maximilian University of Munich',2,'[{\"changed\": {\"fields\": [\"Majors\"]}}]',8,5),(277,'2023-10-09 01:50:43.409870','32','Heidelberg University',2,'[{\"changed\": {\"fields\": [\"Majors\"]}}]',8,5),(278,'2023-10-09 01:50:54.672350','69','Technical University of Munich',2,'[{\"changed\": {\"fields\": [\"Majors\"]}}]',8,5),(279,'2023-10-09 01:51:17.966779','164','University of Hamburg',1,'[{\"added\": {}}]',8,5),(280,'2023-10-09 01:51:27.114030','96','Zayed University',2,'[{\"changed\": {\"fields\": [\"Majors\"]}}]',8,5),(281,'2023-10-09 01:51:35.167275','72','THE BRITISH UNIVERSITY IN DUBAI',2,'[{\"changed\": {\"fields\": [\"Majors\"]}}]',8,5),(282,'2023-10-09 01:51:43.743555','74','THE UNIVERSITY OF WOLLONGONG IN DUBAI',2,'[{\"changed\": {\"fields\": [\"Majors\"]}}]',8,5),(283,'2023-10-09 01:52:28.600700','165','American University in Dubai',1,'[{\"added\": {}}]',8,5),(284,'2023-10-09 01:52:38.367700','73','UNIVERSITY OF DUBAI',2,'[{\"changed\": {\"fields\": [\"Majors\"]}}]',8,5),(285,'2023-10-09 01:52:51.528324','40','University of Jordan',2,'[{\"changed\": {\"fields\": [\"Majors\"]}}]',8,5),(286,'2023-10-09 01:53:12.391222','39','Jordan University of Science and Technology',2,'[{\"changed\": {\"fields\": [\"Majors\"]}}]',8,5),(287,'2023-10-09 01:53:32.591320','166','Tafila Technical University',1,'[{\"added\": {}}]',8,5),(288,'2023-10-09 01:53:57.071180','167','American University of Madaba',1,'[{\"added\": {}}]',8,5),(289,'2023-10-09 01:54:13.440581','168','Moscow Institute of Physics and Technology',1,'[{\"added\": {}}]',8,5),(290,'2023-10-09 01:54:20.977080','103','Moscow State University',2,'[{\"changed\": {\"fields\": [\"Majors\"]}}]',8,5),(291,'2023-10-09 01:54:41.152708','169','Tomsk Polytechnic University',1,'[{\"added\": {}}]',8,5),(292,'2023-10-09 01:55:38.601122','46','University of Cyprus',2,'[{\"changed\": {\"fields\": [\"Majors\"]}}]',8,5),(293,'2023-10-09 01:56:07.569127','170','European University of Lefke',1,'[{\"added\": {}}]',8,5),(294,'2023-10-09 01:56:29.033402','171','University of Central Lancashire',1,'[{\"added\": {}}]',8,5),(295,'2023-10-09 01:56:51.727474','172','Menoufia University',1,'[{\"added\": {}}]',8,5),(296,'2023-10-09 01:57:09.522550','173','Assiut University',1,'[{\"added\": {}}]',8,5),(297,'2023-10-09 01:57:28.422755','174','Fayoum University',1,'[{\"added\": {}}]',8,5),(298,'2023-10-09 01:57:40.034170','51','Ain Shams University',2,'[{\"changed\": {\"fields\": [\"Majors\"]}}]',8,5),(299,'2023-10-09 01:57:59.047595','175','International Islamic University Malaysia',1,'[{\"added\": {}}]',8,5),(300,'2023-10-09 01:58:21.415775','176','Universiti Putra Malaysia',1,'[{\"added\": {}}]',8,5),(301,'2023-10-09 01:58:31.944538','83','Universiti Malaya',2,'[{\"changed\": {\"fields\": [\"Majors\"]}}]',8,5),(302,'2023-10-09 01:59:14.663525','113','University of Valencia',2,'[{\"changed\": {\"fields\": [\"Majors\"]}}]',8,5),(303,'2023-10-09 01:59:39.287095','177','University of Santiago de Compostela',1,'[{\"added\": {}}]',8,5),(304,'2023-10-09 01:59:55.502791','178','University of the Balearic Islands',1,'[{\"added\": {}}]',8,5),(305,'2023-10-09 02:00:08.994474','89','New York University',2,'[{\"changed\": {\"fields\": [\"Majors\"]}}]',8,5),(306,'2023-10-09 02:00:43.511362','11','University of Pennsylvania',2,'[{\"changed\": {\"fields\": [\"Majors\"]}}]',8,5),(307,'2023-10-09 02:00:59.196714','179','University of Michigan',1,'[{\"added\": {}}]',8,5),(308,'2023-10-09 02:01:34.846917','180','University of Miami',1,'[{\"added\": {}}]',8,5),(309,'2023-10-09 02:02:10.719613','181','The University of Edinburgh',1,'[{\"added\": {}}]',8,5),(310,'2023-10-09 02:02:26.744656','91','King\'s College London, London',2,'[{\"changed\": {\"fields\": [\"Majors\"]}}]',8,5),(311,'2023-10-09 02:02:50.239593','182','The University of Manchester',1,'[{\"added\": {}}]',8,5),(312,'2023-10-09 02:03:07.894384','183','Coventry University',1,'[{\"added\": {}}]',8,5),(313,'2023-10-09 02:03:31.439655','184','Western University',1,'[{\"added\": {}}]',8,5),(314,'2023-10-09 02:03:48.671390','185','Ontario Tech University',1,'[{\"added\": {}}]',8,5),(315,'2023-10-09 02:04:03.352836','24','University of Toronto',2,'[{\"changed\": {\"fields\": [\"Majors\"]}}]',8,5),(316,'2023-10-09 02:04:12.152959','120','University of Ottawa',2,'[{\"changed\": {\"fields\": [\"Majors\"]}}]',8,5),(317,'2023-10-09 02:04:36.585024','186','Martin-Luther-University Halle-Wittenberg',1,'[{\"added\": {}}]',8,5),(318,'2023-10-09 02:04:57.623705','187','Esslingen University of Applied Sciences',1,'[{\"added\": {}}]',8,5),(319,'2023-10-09 02:05:13.607818','188','University of Bremen',1,'[{\"added\": {}}]',8,5),(320,'2023-10-09 02:05:29.199213','189','University of Freiburg',1,'[{\"added\": {}}]',8,5),(321,'2023-10-09 02:05:36.965440','96','Zayed University',2,'[{\"changed\": {\"fields\": [\"Majors\"]}}]',8,5),(322,'2023-10-09 02:05:47.255643','72','THE BRITISH UNIVERSITY IN DUBAI',2,'[{\"changed\": {\"fields\": [\"Majors\"]}}]',8,5),(323,'2023-10-09 02:05:58.535403','98','University of Wollongong Dubai',2,'[{\"changed\": {\"fields\": [\"Majors\"]}}]',8,5),(324,'2023-10-09 02:06:08.199532','165','American University in Dubai',2,'[{\"changed\": {\"fields\": [\"Majors\"]}}]',8,5),(325,'2023-10-09 02:06:19.887874','73','UNIVERSITY OF DUBAI',2,'[{\"changed\": {\"fields\": [\"Majors\"]}}]',8,5),(326,'2023-10-09 02:06:29.385859','99','Applied Science Private University',2,'[{\"changed\": {\"fields\": [\"Majors\"]}}]',8,5),(327,'2023-10-09 02:06:44.065724','40','University of Jordan',2,'[{\"changed\": {\"fields\": [\"Majors\"]}}]',8,5),(328,'2023-10-09 02:06:52.311958','101','Al-Ahliyya Amman University',2,'[{\"changed\": {\"fields\": [\"Majors\"]}}]',8,5),(329,'2023-10-09 02:06:59.568545','149','Isra University',2,'[{\"changed\": {\"fields\": [\"Majors\"]}}]',8,5),(330,'2023-10-09 02:07:27.223852','190','Novosibirsk State Medical University',1,'[{\"added\": {}}]',8,5),(331,'2023-10-09 02:07:49.079636','79','Saint Petersburg State University',2,'[{\"changed\": {\"fields\": [\"Majors\"]}}]',8,5),(332,'2023-10-09 02:08:01.483266','49','University of Nicosia',2,'[{\"changed\": {\"fields\": [\"Majors\"]}}]',8,5),(333,'2023-10-09 02:08:11.719459','170','European University of Lefke',2,'[{\"changed\": {\"fields\": [\"Majors\"]}}]',8,5),(334,'2023-10-09 02:08:23.569497','107','Cyprus University of Technology',2,'[{\"changed\": {\"fields\": [\"Majors\"]}}]',8,5),(335,'2023-10-09 02:08:32.375282','172','Menoufia University',2,'[{\"changed\": {\"fields\": [\"Majors\"]}}]',8,5),(336,'2023-10-09 02:08:38.840583','173','Assiut University',2,'[{\"changed\": {\"fields\": [\"Majors\"]}}]',8,5),(337,'2023-10-09 02:08:49.583794','174','Fayoum University',2,'[{\"changed\": {\"fields\": [\"Majors\"]}}]',8,5),(338,'2023-10-09 02:09:07.119532','51','Ain Shams University',2,'[{\"changed\": {\"fields\": [\"Majors\"]}}]',8,5),(339,'2023-10-09 02:09:16.079971','175','International Islamic University Malaysia',2,'[{\"changed\": {\"fields\": [\"Majors\"]}}]',8,5),(340,'2023-10-09 02:09:23.544243','176','Universiti Putra Malaysia',2,'[{\"changed\": {\"fields\": [\"Majors\"]}}]',8,5),(341,'2023-10-09 02:09:34.647519','83','Universiti Malaya',2,'[{\"changed\": {\"fields\": [\"Majors\"]}}]',8,5),(342,'2023-10-09 02:10:04.495842','191','Francisco de Vitoria University',1,'[{\"added\": {}}]',8,5),(343,'2023-10-09 02:10:22.183407','192','Jaume I University',1,'[{\"added\": {}}]',8,5),(344,'2023-10-09 02:11:15.751558','193','Princeton University',1,'[{\"added\": {}}]',8,5),(345,'2023-10-09 02:11:30.643159','89','New York University',2,'[{\"changed\": {\"fields\": [\"Majors\"]}}]',8,5),(346,'2023-10-09 02:12:01.015191','194','University of Warwick',1,'[{\"added\": {}}]',8,5),(347,'2023-10-09 02:12:27.711425','195','Simon Fraser University',1,'[{\"added\": {}}]',8,5),(348,'2023-10-09 02:12:43.727168','196','University of Windsor',1,'[{\"added\": {}}]',8,5),(349,'2023-10-09 02:13:18.719330','197','Humboldt University of Berlin',1,'[{\"added\": {}}]',8,5),(350,'2023-10-09 02:13:52.055626','93','Ludwig Maximilian University of Munich',2,'[{\"changed\": {\"fields\": [\"Majors\"]}}]',8,5),(351,'2023-10-09 02:14:12.240093','198','Saarland University',1,'[{\"added\": {}}]',8,5),(352,'2023-10-09 02:14:25.258792','96','Zayed University',2,'[{\"changed\": {\"fields\": [\"Majors\"]}}]',8,5),(353,'2023-10-09 02:14:35.472439','72','THE BRITISH UNIVERSITY IN DUBAI',2,'[{\"changed\": {\"fields\": [\"Majors\"]}}]',8,5),(354,'2023-10-09 02:14:44.785447','74','THE UNIVERSITY OF WOLLONGONG IN DUBAI',2,'[{\"changed\": {\"fields\": [\"Majors\"]}}]',8,5),(355,'2023-10-09 02:14:52.169427','165','American University in Dubai',2,'[{\"changed\": {\"fields\": [\"Majors\"]}}]',8,5),(356,'2023-10-09 02:15:02.922429','73','UNIVERSITY OF DUBAI',2,'[{\"changed\": {\"fields\": [\"Majors\"]}}]',8,5),(357,'2023-10-09 02:15:14.770063','40','University of Jordan',2,'[{\"changed\": {\"fields\": [\"Majors\"]}}]',8,5),(358,'2023-10-09 02:15:29.026318','39','Jordan University of Science and Technology',2,'[{\"changed\": {\"fields\": [\"Majors\"]}}]',8,5),(359,'2023-10-09 02:15:37.279311','148','Yarmouk University',2,'[{\"changed\": {\"fields\": [\"Majors\"]}}]',8,5),(360,'2023-10-09 02:15:45.424545','103','Moscow State University',2,'[{\"changed\": {\"fields\": [\"Majors\"]}}]',8,5),(361,'2023-10-09 02:15:51.976983','124','HSE University',2,'[{\"changed\": {\"fields\": [\"Majors\"]}}]',8,5),(362,'2023-10-09 02:15:58.384430','125','Bauman Moscow State Technical University',2,'[{\"changed\": {\"fields\": [\"Majors\"]}}]',8,5),(363,'2023-10-09 02:16:07.408789','79','Saint Petersburg State University',2,'[{\"changed\": {\"fields\": [\"Majors\"]}}]',8,5),(364,'2023-10-09 02:16:16.400078','49','University of Nicosia',2,'[{\"changed\": {\"fields\": [\"Majors\"]}}]',8,5),(365,'2023-10-09 02:16:32.367632','170','European University of Lefke',2,'[{\"changed\": {\"fields\": [\"Majors\"]}}]',8,5),(366,'2023-10-09 02:16:38.129878','107','Cyprus University of Technology',2,'[{\"changed\": {\"fields\": [\"Majors\"]}}]',8,5),(367,'2023-10-09 02:16:44.432549','109','Al-Azhar University',2,'[{\"changed\": {\"fields\": [\"Majors\"]}}]',8,5),(368,'2023-10-09 02:16:55.138605','52','Alexandria University',2,'[{\"changed\": {\"fields\": [\"Majors\"]}}]',8,5),(369,'2023-10-09 02:17:05.457425','175','International Islamic University Malaysia',2,'[{\"changed\": {\"fields\": [\"Majors\"]}}]',8,5),(370,'2023-10-09 02:17:12.691260','176','Universiti Putra Malaysia',2,'[{\"changed\": {\"fields\": [\"Majors\"]}}]',8,5),(371,'2023-10-09 02:17:21.490213','83','Universiti Malaya',2,'[{\"changed\": {\"fields\": [\"Majors\"]}}]',8,5),(372,'2023-10-09 02:17:29.774936','128','University of Granada',2,'[{\"changed\": {\"fields\": [\"Majors\"]}}]',8,5),(373,'2023-10-09 02:17:40.656657','85','Polytechnic University of Catalonia',2,'[{\"changed\": {\"fields\": [\"Majors\"]}}]',8,5),(374,'2023-10-09 02:17:52.167322','87','Universidad Politecnica de Madrid',2,'[{\"changed\": {\"fields\": [\"Majors\"]}}]',8,5),(375,'2023-10-09 02:18:18.790824','199','Northwest Missouri State University',1,'[{\"added\": {}}]',8,5),(376,'2023-10-09 02:18:39.551969','200','University of Pittsburgh',1,'[{\"added\": {}}]',8,5),(377,'2023-10-09 02:22:41.824502','201','https://www.pitt.edu/',1,'[{\"added\": {}}]',8,5),(378,'2023-10-09 02:23:24.267401','201','https://www.pitt.edu/',3,'',8,5),(379,'2023-10-09 02:23:49.184714','202','Durham University',1,'[{\"added\": {}}]',8,5),(380,'2023-10-09 02:24:26.247526','67','University of Leeds',2,'[{\"changed\": {\"fields\": [\"Majors\"]}}]',8,5),(381,'2023-10-09 02:25:53.698385','184','Western University',2,'[{\"changed\": {\"fields\": [\"Majors\"]}}]',8,5),(382,'2023-10-09 02:26:03.112250','196','University of Windsor',2,'[{\"changed\": {\"fields\": [\"Majors\"]}}]',8,5),(383,'2023-10-09 02:26:31.335769','203','Brock University',1,'[{\"added\": {}}]',8,5),(384,'2023-10-09 02:26:58.703797','204','Johannes Gutenberg University of Mainz',1,'[{\"added\": {}}]',8,5),(385,'2023-10-09 02:27:17.962976','205','University of Konstanz',1,'[{\"added\": {}}]',8,5),(386,'2023-10-09 02:27:36.136351','206','University of Trier',1,'[{\"added\": {}}]',8,5),(387,'2023-10-09 02:28:06.552314','207','AL AIN UNIVERSITY',1,'[{\"added\": {}}]',8,5),(388,'2023-10-09 02:28:22.049723','73','UNIVERSITY OF DUBAI',2,'[{\"changed\": {\"fields\": [\"Majors\"]}}]',8,5),(389,'2023-10-09 02:28:41.400569','148','Yarmouk University',2,'[{\"changed\": {\"fields\": [\"Majors\"]}}]',8,5),(390,'2023-10-09 02:29:07.624422','100','Middle East University Jordan',2,'[{\"changed\": {\"fields\": [\"Majors\"]}}]',8,5),(391,'2023-10-09 23:04:45.341531','76','ITMO University',2,'[{\"changed\": {\"fields\": [\"Majors\"]}}]',8,5),(392,'2023-10-09 23:04:57.676297','77','Tomsk State University',2,'[{\"changed\": {\"fields\": [\"Majors\"]}}]',8,5),(393,'2023-10-09 23:05:08.228738','78','Lomonosov Moscow State University',2,'[{\"changed\": {\"fields\": [\"Majors\"]}}]',8,5),(394,'2023-10-09 23:05:20.876829','79','Saint Petersburg State University',2,'[]',8,5),(395,'2023-10-09 23:05:33.069381','49','University of Nicosia',2,'[]',8,5),(396,'2023-10-09 23:07:01.267305','208','The British University in Egypt',1,'[{\"added\": {}}]',8,5),(397,'2023-10-09 23:07:12.109546','152','American University In Cairo',2,'[{\"changed\": {\"fields\": [\"Majors\"]}}]',8,5),(398,'2023-10-09 23:07:19.091409','173','Assiut University',2,'[{\"changed\": {\"fields\": [\"Majors\"]}}]',8,5),(399,'2023-10-09 23:07:30.765541','112','University of Nottingham Malaysia',2,'[{\"changed\": {\"fields\": [\"Majors\"]}}]',8,5),(400,'2023-10-09 23:07:40.795191','175','International Islamic University Malaysia',2,'[{\"changed\": {\"fields\": [\"Majors\"]}}]',8,5),(401,'2023-10-09 23:08:16.339281','209','University of Reading',1,'[{\"added\": {}}]',8,5),(402,'2023-10-09 23:08:50.884726','210','Autonomous University of Madrid',1,'[{\"added\": {}}]',8,5),(403,'2023-10-09 23:09:09.644464','211','Pompeu Fabra University',1,'[{\"added\": {}}]',8,5),(404,'2023-10-09 23:09:39.676240','212','Universitat de Barcelona',1,'[{\"added\": {}}]',8,5),(405,'2023-10-09 23:10:18.050972','213','Pace University',1,'[{\"added\": {}}]',8,5),(406,'2023-10-09 23:10:37.195510','214','Full Sail University',1,'[{\"added\": {}}]',8,5),(407,'2023-10-09 23:10:56.434781','215','Bellevue College',1,'[{\"added\": {}}]',8,5),(408,'2023-10-09 23:11:17.754295','216','University of Strathclyde',1,'[{\"added\": {}}]',8,5),(409,'2023-10-09 23:11:34.867614','217','University of Portsmouth',1,'[{\"added\": {}}]',8,5),(410,'2023-10-09 23:11:57.123986','218','University of West London',1,'[{\"added\": {}}]',8,5),(411,'2023-10-09 23:12:48.340864','29','university of british columbia',2,'[{\"changed\": {\"fields\": [\"Majors\"]}}]',8,5),(412,'2023-10-09 23:13:21.810733','219','Toronto Metropolitan University',1,'[{\"added\": {}}]',8,5),(413,'2023-10-09 23:13:44.084240','195','Simon Fraser University',2,'[{\"changed\": {\"fields\": [\"Majors\"]}}]',8,5),(414,'2023-10-09 23:14:14.123116','220','CBS International Business School',1,'[{\"added\": {}}]',8,5),(415,'2023-10-09 23:14:39.564504','221','GISMA Business School - Hannover Campus',1,'[{\"added\": {}}]',8,5),(416,'2023-10-09 23:14:59.571725','222','Zeppelin University',1,'[{\"added\": {}}]',8,5),(417,'2023-10-09 23:15:15.414877','99','Applied Science Private University',2,'[{\"changed\": {\"fields\": [\"Majors\"]}}]',8,5),(418,'2023-10-09 23:15:42.298800','223','Talal Abu-Ghazaleh University College for Innovation',1,'[{\"added\": {}}]',8,5),(419,'2023-10-09 23:15:54.559066','101','Al-Ahliyya Amman University',2,'[{\"changed\": {\"fields\": [\"Majors\"]}}]',8,5),(420,'2023-10-09 23:16:11.596478','76','ITMO University',2,'[{\"changed\": {\"fields\": [\"Majors\"]}}]',8,5),(421,'2023-10-09 23:16:20.843690','77','Tomsk State University',2,'[{\"changed\": {\"fields\": [\"Majors\"]}}]',8,5),(422,'2023-10-09 23:16:36.445054','78','Lomonosov Moscow State University',2,'[{\"changed\": {\"fields\": [\"Majors\"]}}]',8,5),(423,'2023-10-09 23:16:43.387916','79','Saint Petersburg State University',2,'[{\"changed\": {\"fields\": [\"Majors\"]}}]',8,5),(424,'2023-10-09 23:16:51.475020','49','University of Nicosia',2,'[{\"changed\": {\"fields\": [\"Majors\"]}}]',8,5),(425,'2023-10-09 23:17:10.326693','170','European University of Lefke',2,'[{\"changed\": {\"fields\": [\"Majors\"]}}]',8,5),(426,'2023-10-09 23:17:21.580399','107','Cyprus University of Technology',2,'[{\"changed\": {\"fields\": [\"Majors\"]}}]',8,5),(427,'2023-10-09 23:17:45.571219','208','The British University in Egypt',2,'[]',8,5),(428,'2023-10-09 23:17:53.595208','152','American University In Cairo',2,'[{\"changed\": {\"fields\": [\"Majors\"]}}]',8,5),(429,'2023-10-09 23:18:02.772146','173','Assiut University',2,'[{\"changed\": {\"fields\": [\"Majors\"]}}]',8,5),(430,'2023-10-09 23:18:16.452224','112','University of Nottingham Malaysia',2,'[{\"changed\": {\"fields\": [\"Majors\"]}}]',8,5),(431,'2023-10-09 23:18:27.780282','175','International Islamic University Malaysia',2,'[{\"changed\": {\"fields\": [\"Majors\"]}}]',8,5),(432,'2023-10-09 23:18:36.380786','209','University of Reading',2,'[{\"changed\": {\"fields\": [\"Majors\"]}}]',8,5),(433,'2023-10-09 23:18:45.283461','210','Autonomous University of Madrid',2,'[{\"changed\": {\"fields\": [\"Majors\"]}}]',8,5),(434,'2023-10-09 23:18:57.987760','211','Pompeu Fabra University',2,'[{\"changed\": {\"fields\": [\"Majors\"]}}]',8,5),(435,'2023-10-09 23:19:05.547243','212','Universitat de Barcelona',2,'[{\"changed\": {\"fields\": [\"Majors\"]}}]',8,5),(436,'2023-10-09 23:19:32.499745','8','Yale University',2,'[{\"changed\": {\"fields\": [\"Majors\", \"ExtraCost\"]}}]',8,5),(437,'2023-10-09 23:19:57.139913','9','Columbia University',2,'[{\"changed\": {\"fields\": [\"Majors\"]}}]',8,5),(438,'2023-10-09 23:20:09.611818','202','Durham University',2,'[{\"changed\": {\"fields\": [\"Majors\"]}}]',8,5),(439,'2023-10-09 23:20:22.210787','67','University of Leeds',2,'[{\"changed\": {\"fields\": [\"Majors\"]}}]',8,5),(440,'2023-10-09 23:20:56.404141','29','university of british columbia',2,'[{\"changed\": {\"fields\": [\"Majors\"]}}]',8,5),(441,'2023-10-09 23:21:10.250595','219','Toronto Metropolitan University',2,'[{\"changed\": {\"fields\": [\"Majors\"]}}]',8,5),(442,'2023-10-09 23:21:19.292639','195','Simon Fraser University',2,'[{\"changed\": {\"fields\": [\"Majors\"]}}]',8,5),(443,'2023-10-09 23:21:56.659585','224','University of Munich',1,'[{\"added\": {}}]',8,5),(444,'2023-10-09 23:22:13.053432','93','Ludwig Maximilian University of Munich',2,'[{\"changed\": {\"fields\": [\"Majors\"]}}]',8,5),(445,'2023-10-09 23:22:34.494576','121','Technical University Berlin',2,'[{\"changed\": {\"fields\": [\"Majors\"]}}]',8,5),(446,'2023-10-09 23:22:42.940475','32','Heidelberg University',2,'[{\"changed\": {\"fields\": [\"Majors\"]}}]',8,5),(447,'2023-10-09 23:22:50.907209','72','THE BRITISH UNIVERSITY IN DUBAI',2,'[{\"changed\": {\"fields\": [\"Majors\"]}}]',8,5),(448,'2023-10-09 23:22:58.707637','73','UNIVERSITY OF DUBAI',2,'[{\"changed\": {\"fields\": [\"Majors\"]}}]',8,5),(449,'2023-10-09 23:23:09.603463','74','THE UNIVERSITY OF WOLLONGONG IN DUBAI',2,'[{\"changed\": {\"fields\": [\"Majors\"]}}]',8,5),(450,'2023-10-09 23:23:18.484555','40','University of Jordan',2,'[{\"changed\": {\"fields\": [\"Majors\"]}}]',8,5),(451,'2023-10-09 23:23:28.916794','39','Jordan University of Science and Technology',2,'[{\"changed\": {\"fields\": [\"Majors\", \"ExtraCost\"]}}]',8,5),(452,'2023-10-09 23:23:45.571729','148','Yarmouk University',2,'[{\"changed\": {\"fields\": [\"Majors\", \"ExtraCost\"]}}]',8,5),(453,'2023-10-09 23:24:01.776604','76','ITMO University',2,'[{\"changed\": {\"fields\": [\"Majors\"]}}]',8,5),(454,'2023-10-09 23:24:18.124456','77','Tomsk State University',2,'[{\"changed\": {\"fields\": [\"Majors\"]}}]',8,5),(455,'2023-10-09 23:24:26.005693','78','Lomonosov Moscow State University',2,'[{\"changed\": {\"fields\": [\"Majors\"]}}]',8,5),(456,'2023-10-09 23:24:34.683687','79','Saint Petersburg State University',2,'[{\"changed\": {\"fields\": [\"Majors\"]}}]',8,5),(457,'2023-10-09 23:24:42.388476','49','University of Nicosia',2,'[{\"changed\": {\"fields\": [\"Majors\"]}}]',8,5),(458,'2023-10-09 23:25:22.076685','225','European University Cyprus',1,'[{\"added\": {}}]',8,5),(459,'2023-10-09 23:25:35.018945','208','The British University in Egypt',2,'[{\"changed\": {\"fields\": [\"Majors\"]}}]',8,5),(460,'2023-10-09 23:25:44.252893','152','American University In Cairo',2,'[{\"changed\": {\"fields\": [\"Majors\"]}}]',8,5),(461,'2023-10-09 23:25:51.948403','173','Assiut University',2,'[{\"changed\": {\"fields\": [\"Majors\"]}}]',8,5),(462,'2023-10-09 23:26:03.370885','112','University of Nottingham Malaysia',2,'[{\"changed\": {\"fields\": [\"Majors\"]}}]',8,5),(463,'2023-10-09 23:26:20.956398','175','International Islamic University Malaysia',2,'[{\"changed\": {\"fields\": [\"Majors\"]}}]',8,5),(464,'2023-10-09 23:26:28.260332','209','University of Reading',2,'[{\"changed\": {\"fields\": [\"Majors\"]}}]',8,5),(465,'2023-10-09 23:26:37.436193','210','Autonomous University of Madrid',2,'[{\"changed\": {\"fields\": [\"Majors\"]}}]',8,5),(466,'2023-10-09 23:26:47.676390','211','Pompeu Fabra University',2,'[{\"changed\": {\"fields\": [\"Majors\"]}}]',8,5),(467,'2023-10-09 23:26:55.747788','212','Universitat de Barcelona',2,'[{\"changed\": {\"fields\": [\"Majors\"]}}]',8,5),(468,'2023-10-09 23:27:28.437850','8','Yale University',2,'[{\"changed\": {\"fields\": [\"Majors\"]}}]',8,5),(469,'2023-10-09 23:27:41.907672','202','Durham University',2,'[{\"changed\": {\"fields\": [\"Majors\"]}}]',8,5),(470,'2023-10-09 23:27:54.373190','67','University of Leeds',2,'[{\"changed\": {\"fields\": [\"Majors\"]}}]',8,5),(471,'2023-10-09 23:28:07.900964','29','university of british columbia',2,'[{\"changed\": {\"fields\": [\"Majors\"]}}]',8,5),(472,'2023-10-09 23:28:18.499831','219','Toronto Metropolitan University',2,'[{\"changed\": {\"fields\": [\"Majors\"]}}]',8,5),(473,'2023-10-09 23:28:28.596391','195','Simon Fraser University',2,'[{\"changed\": {\"fields\": [\"Majors\"]}}]',8,5),(474,'2023-10-09 23:28:39.557694','224','University of Munich',2,'[{\"changed\": {\"fields\": [\"Majors\"]}}]',8,5),(475,'2023-10-09 23:28:49.044398','93','Ludwig Maximilian University of Munich',2,'[{\"changed\": {\"fields\": [\"Majors\"]}}]',8,5),(476,'2023-10-09 23:28:56.724320','121','Technical University Berlin',2,'[{\"changed\": {\"fields\": [\"Majors\"]}}]',8,5),(477,'2023-10-09 23:29:04.419657','32','Heidelberg University',2,'[{\"changed\": {\"fields\": [\"Majors\"]}}]',8,5),(478,'2023-10-09 23:29:24.125654','72','THE BRITISH UNIVERSITY IN DUBAI',2,'[{\"changed\": {\"fields\": [\"Majors\"]}}]',8,5),(479,'2023-10-09 23:29:32.141157','73','UNIVERSITY OF DUBAI',2,'[{\"changed\": {\"fields\": [\"Majors\"]}}]',8,5),(480,'2023-10-09 23:29:38.483575','74','THE UNIVERSITY OF WOLLONGONG IN DUBAI',2,'[{\"changed\": {\"fields\": [\"Majors\"]}}]',8,5),(481,'2023-10-09 23:29:46.323577','40','University of Jordan',2,'[{\"changed\": {\"fields\": [\"Majors\"]}}]',8,5),(482,'2023-10-09 23:29:57.245110','39','Jordan University of Science and Technology',2,'[{\"changed\": {\"fields\": [\"Majors\"]}}]',8,5),(483,'2023-10-09 23:30:11.220807','148','Yarmouk University',2,'[{\"changed\": {\"fields\": [\"Majors\"]}}]',8,5),(484,'2023-10-09 23:30:23.507917','76','ITMO University',2,'[{\"changed\": {\"fields\": [\"Majors\"]}}]',8,5),(485,'2023-10-09 23:30:29.788040','77','Tomsk State University',2,'[{\"changed\": {\"fields\": [\"Majors\"]}}]',8,5),(486,'2023-10-09 23:30:35.572433','78','Lomonosov Moscow State University',2,'[{\"changed\": {\"fields\": [\"Majors\"]}}]',8,5),(487,'2023-10-09 23:30:52.859898','79','Saint Petersburg State University',2,'[{\"changed\": {\"fields\": [\"Majors\"]}}]',8,5),(488,'2023-10-09 23:31:01.340032','49','University of Nicosia',2,'[{\"changed\": {\"fields\": [\"Majors\"]}}]',8,5),(489,'2023-10-09 23:31:10.780574','225','European University Cyprus',2,'[{\"changed\": {\"fields\": [\"Majors\"]}}]',8,5),(490,'2023-10-09 23:31:21.212742','208','The British University in Egypt',2,'[{\"changed\": {\"fields\": [\"Majors\"]}}]',8,5),(491,'2023-10-09 23:31:35.186938','126','The American University in Cairo',2,'[{\"changed\": {\"fields\": [\"Majors\"]}}]',8,5),(492,'2023-10-09 23:31:42.219842','173','Assiut University',2,'[{\"changed\": {\"fields\": [\"Majors\"]}}]',8,5),(493,'2023-10-09 23:31:52.940679','112','University of Nottingham Malaysia',2,'[{\"changed\": {\"fields\": [\"Majors\"]}}]',8,5),(494,'2023-10-09 23:32:04.243578','175','International Islamic University Malaysia',2,'[{\"changed\": {\"fields\": [\"Majors\"]}}]',8,5),(495,'2023-10-09 23:32:10.587995','209','University of Reading',2,'[{\"changed\": {\"fields\": [\"Majors\"]}}]',8,5),(496,'2023-10-09 23:32:22.316156','210','Autonomous University of Madrid',2,'[{\"changed\": {\"fields\": [\"Majors\"]}}]',8,5),(497,'2023-10-09 23:32:28.251564','211','Pompeu Fabra University',2,'[{\"changed\": {\"fields\": [\"Majors\"]}}]',8,5),(498,'2023-10-09 23:32:34.027052','212','Universitat de Barcelona',2,'[{\"changed\": {\"fields\": [\"Majors\"]}}]',8,5),(499,'2023-10-09 23:33:24.581205','8','Yale University',2,'[{\"changed\": {\"fields\": [\"Majors\"]}}]',8,5),(500,'2023-10-09 23:33:38.700433','5','Harvard University',2,'[{\"changed\": {\"fields\": [\"Majors\", \"ExtraCost\"]}}]',8,5),(501,'2023-10-09 23:33:47.803603','6','Stanford University',2,'[{\"changed\": {\"fields\": [\"Majors\"]}}]',8,5),(502,'2023-10-09 23:33:58.110124','9','Columbia University',2,'[{\"changed\": {\"fields\": [\"Majors\"]}}]',8,5),(503,'2023-10-09 23:34:11.475570','202','Durham University',2,'[{\"changed\": {\"fields\": [\"Majors\"]}}]',8,5),(504,'2023-10-09 23:34:21.499000','64','University of Oxford',2,'[{\"changed\": {\"fields\": [\"Majors\"]}}]',8,5),(505,'2023-10-09 23:34:34.083656','19','University of Cambridge',2,'[{\"changed\": {\"fields\": [\"Majors\"]}}]',8,5),(506,'2023-10-09 23:34:47.850949','67','University of Leeds',2,'[{\"changed\": {\"fields\": [\"Majors\"]}}]',8,5),(507,'2023-10-09 23:35:09.764346','29','university of british columbia',2,'[{\"changed\": {\"fields\": [\"Majors\"]}}]',8,5),(508,'2023-10-09 23:35:17.997379','219','Toronto Metropolitan University',2,'[{\"changed\": {\"fields\": [\"Majors\"]}}]',8,5),(509,'2023-10-09 23:35:24.164731','195','Simon Fraser University',2,'[{\"changed\": {\"fields\": [\"Majors\"]}}]',8,5),(510,'2023-10-09 23:35:32.114882','224','University of Munich',2,'[{\"changed\": {\"fields\": [\"Majors\"]}}]',8,5),(511,'2023-10-09 23:35:44.427247','93','Ludwig Maximilian University of Munich',2,'[{\"changed\": {\"fields\": [\"Majors\"]}}]',8,5),(512,'2023-10-09 23:35:51.643029','121','Technical University Berlin',2,'[{\"changed\": {\"fields\": [\"Majors\"]}}]',8,5),(513,'2023-10-09 23:35:57.843331','32','Heidelberg University',2,'[{\"changed\": {\"fields\": [\"Majors\"]}}]',8,5),(514,'2023-10-09 23:36:05.442543','72','THE BRITISH UNIVERSITY IN DUBAI',2,'[{\"changed\": {\"fields\": [\"Majors\"]}}]',8,5),(515,'2023-10-09 23:36:12.027870','73','UNIVERSITY OF DUBAI',2,'[{\"changed\": {\"fields\": [\"Majors\"]}}]',8,5),(516,'2023-10-09 23:36:21.010766','98','University of Wollongong Dubai',2,'[{\"changed\": {\"fields\": [\"Majors\"]}}]',8,5),(517,'2023-10-09 23:36:33.027508','100','Middle East University Jordan',2,'[{\"changed\": {\"fields\": [\"Majors\"]}}]',8,5),(518,'2023-10-09 23:36:42.356144','101','Al-Ahliyya Amman University',2,'[{\"changed\": {\"fields\": [\"Majors\"]}}]',8,5),(519,'2023-10-09 23:36:55.315425','149','Isra University',2,'[{\"changed\": {\"fields\": [\"Majors\"]}}]',8,5),(520,'2023-10-09 23:37:05.267151','76','ITMO University',2,'[{\"changed\": {\"fields\": [\"Majors\"]}}]',8,5),(521,'2023-10-09 23:37:10.677348','77','Tomsk State University',2,'[{\"changed\": {\"fields\": [\"Majors\"]}}]',8,5),(522,'2023-10-09 23:37:15.948075','78','Lomonosov Moscow State University',2,'[{\"changed\": {\"fields\": [\"Majors\"]}}]',8,5),(523,'2023-10-09 23:37:27.981509','79','Saint Petersburg State University',2,'[{\"changed\": {\"fields\": [\"Country\", \"Majors\"]}}]',8,5),(524,'2023-10-09 23:37:40.564586','49','University of Nicosia',2,'[{\"changed\": {\"fields\": [\"Majors\"]}}]',8,5),(525,'2023-10-09 23:37:49.234843','225','European University Cyprus',2,'[{\"changed\": {\"fields\": [\"Majors\"]}}]',8,5),(526,'2023-10-09 23:38:00.963811','107','Cyprus University of Technology',2,'[{\"changed\": {\"fields\": [\"Majors\"]}}]',8,5),(527,'2023-10-09 23:38:10.843440','208','The British University in Egypt',2,'[{\"changed\": {\"fields\": [\"Majors\"]}}]',8,5),(528,'2023-10-09 23:38:16.436827','152','American University In Cairo',2,'[{\"changed\": {\"fields\": [\"Majors\"]}}]',8,5),(529,'2023-10-09 23:38:24.252414','173','Assiut University',2,'[{\"changed\": {\"fields\": [\"Majors\"]}}]',8,5),(530,'2023-10-09 23:38:33.597466','112','University of Nottingham Malaysia',2,'[{\"changed\": {\"fields\": [\"Majors\"]}}]',8,5),(531,'2023-10-09 23:38:42.861274','175','International Islamic University Malaysia',2,'[{\"changed\": {\"fields\": [\"Majors\"]}}]',8,5),(532,'2023-10-09 23:38:48.667015','209','University of Reading',2,'[{\"changed\": {\"fields\": [\"Majors\"]}}]',8,5),(533,'2023-10-09 23:38:55.180950','210','Autonomous University of Madrid',2,'[{\"changed\": {\"fields\": [\"Majors\"]}}]',8,5),(534,'2023-10-09 23:39:03.610998','211','Pompeu Fabra University',2,'[{\"changed\": {\"fields\": [\"Majors\"]}}]',8,5),(535,'2023-10-09 23:39:10.115278','212','Universitat de Barcelona',2,'[{\"changed\": {\"fields\": [\"Majors\"]}}]',8,5),(536,'2023-10-09 23:39:22.604455','8','Yale University',2,'[{\"changed\": {\"fields\": [\"Majors\"]}}]',8,5),(537,'2023-10-09 23:39:30.149432','5','Harvard University',2,'[{\"changed\": {\"fields\": [\"Majors\"]}}]',8,5),(538,'2023-10-09 23:39:37.883999','9','Columbia University',2,'[{\"changed\": {\"fields\": [\"Majors\"]}}]',8,5),(539,'2023-10-09 23:39:49.731192','202','Durham University',2,'[{\"changed\": {\"fields\": [\"Majors\"]}}]',8,5),(540,'2023-10-09 23:40:04.524234','67','University of Leeds',2,'[{\"changed\": {\"fields\": [\"Majors\"]}}]',8,5),(541,'2023-10-09 23:40:17.452211','19','University of Cambridge',2,'[{\"changed\": {\"fields\": [\"Majors\"]}}]',8,5),(542,'2023-10-09 23:40:31.869251','29','university of british columbia',2,'[{\"changed\": {\"fields\": [\"Majors\"]}}]',8,5),(543,'2023-10-09 23:40:42.276727','219','Toronto Metropolitan University',2,'[{\"changed\": {\"fields\": [\"Majors\"]}}]',8,5),(544,'2023-10-09 23:40:47.509519','195','Simon Fraser University',2,'[{\"changed\": {\"fields\": [\"Majors\"]}}]',8,5),(545,'2023-10-09 23:40:53.844963','224','University of Munich',2,'[{\"changed\": {\"fields\": [\"Majors\"]}}]',8,5),(546,'2023-10-09 23:41:02.549053','93','Ludwig Maximilian University of Munich',2,'[{\"changed\": {\"fields\": [\"Majors\"]}}]',8,5),(547,'2023-10-09 23:41:10.179593','121','Technical University Berlin',2,'[{\"changed\": {\"fields\": [\"Majors\"]}}]',8,5),(548,'2023-10-09 23:41:17.781950','32','Heidelberg University',2,'[{\"changed\": {\"fields\": [\"Majors\"]}}]',8,5),(549,'2023-10-09 23:41:30.292300','72','THE BRITISH UNIVERSITY IN DUBAI',2,'[{\"changed\": {\"fields\": [\"Majors\"]}}]',8,5),(550,'2023-10-09 23:41:37.539846','73','UNIVERSITY OF DUBAI',2,'[{\"changed\": {\"fields\": [\"Majors\"]}}]',8,5),(551,'2023-10-09 23:41:45.333823','74','THE UNIVERSITY OF WOLLONGONG IN DUBAI',2,'[{\"changed\": {\"fields\": [\"Majors\"]}}]',8,5),(552,'2023-10-09 23:41:53.477584','40','University of Jordan',2,'[{\"changed\": {\"fields\": [\"Majors\"]}}]',8,5),(553,'2023-10-09 23:42:00.916192','100','Middle East University Jordan',2,'[{\"changed\": {\"fields\": [\"Majors\"]}}]',8,5),(554,'2023-10-09 23:42:12.908994','101','Al-Ahliyya Amman University',2,'[{\"changed\": {\"fields\": [\"Majors\"]}}]',8,5),(555,'2023-10-09 23:42:26.940463','149','Isra University',2,'[{\"changed\": {\"fields\": [\"Majors\"]}}]',8,5),(556,'2023-10-09 23:42:38.195437','76','ITMO University',2,'[{\"changed\": {\"fields\": [\"Majors\"]}}]',8,5),(557,'2023-10-09 23:42:44.707691','77','Tomsk State University',2,'[{\"changed\": {\"fields\": [\"Majors\"]}}]',8,5),(558,'2023-10-09 23:42:51.771448','78','Lomonosov Moscow State University',2,'[{\"changed\": {\"fields\": [\"Majors\"]}}]',8,5),(559,'2023-10-09 23:42:58.196160','49','University of Nicosia',2,'[{\"changed\": {\"fields\": [\"Majors\"]}}]',8,5),(560,'2023-10-09 23:43:08.235442','225','European University Cyprus',2,'[{\"changed\": {\"fields\": [\"Majors\"]}}]',8,5),(561,'2023-10-09 23:43:15.492598','208','The British University in Egypt',2,'[{\"changed\": {\"fields\": [\"Majors\"]}}]',8,5),(562,'2023-10-09 23:43:23.332652','173','Assiut University',2,'[{\"changed\": {\"fields\": [\"Majors\"]}}]',8,5),(563,'2023-10-09 23:43:31.493648','174','Fayoum University',2,'[{\"changed\": {\"fields\": [\"Majors\"]}}]',8,5),(564,'2023-10-09 23:43:43.484224','112','University of Nottingham Malaysia',2,'[{\"changed\": {\"fields\": [\"Majors\"]}}]',8,5),(565,'2023-10-09 23:43:53.333479','175','International Islamic University Malaysia',2,'[{\"changed\": {\"fields\": [\"Majors\"]}}]',8,5),(566,'2023-10-09 23:43:59.372590','209','University of Reading',2,'[{\"changed\": {\"fields\": [\"Majors\"]}}]',8,5),(567,'2023-10-09 23:44:05.223941','210','Autonomous University of Madrid',2,'[{\"changed\": {\"fields\": [\"Majors\"]}}]',8,5),(568,'2023-10-09 23:44:11.244315','211','Pompeu Fabra University',2,'[{\"changed\": {\"fields\": [\"Majors\"]}}]',8,5),(569,'2023-10-09 23:44:18.027273','212','Universitat de Barcelona',2,'[{\"changed\": {\"fields\": [\"Majors\"]}}]',8,5),(570,'2023-10-09 23:44:34.734017','130','NYU Stern School of Business',2,'[{\"changed\": {\"fields\": [\"Majors\"]}}]',8,5),(571,'2023-10-09 23:44:50.746983','159','California Institute of Technology',2,'[{\"changed\": {\"fields\": [\"Majors\"]}}]',8,5),(572,'2023-10-09 23:45:01.435694','202','Durham University',2,'[{\"changed\": {\"fields\": [\"Majors\"]}}]',8,5),(573,'2023-10-09 23:45:14.131539','64','University of Oxford',2,'[{\"changed\": {\"fields\": [\"Majors\"]}}]',8,5),(574,'2023-10-09 23:45:22.716992','19','University of Cambridge',2,'[{\"changed\": {\"fields\": [\"Majors\"]}}]',8,5),(575,'2023-10-09 23:45:31.155781','67','University of Leeds',2,'[{\"changed\": {\"fields\": [\"Majors\"]}}]',8,5),(576,'2023-10-09 23:45:41.836073','29','university of british columbia',2,'[{\"changed\": {\"fields\": [\"Majors\"]}}]',8,5),(577,'2023-10-09 23:45:50.179960','219','Toronto Metropolitan University',2,'[{\"changed\": {\"fields\": [\"Majors\"]}}]',8,5),(578,'2023-10-09 23:45:58.995590','195','Simon Fraser University',2,'[{\"changed\": {\"fields\": [\"Majors\"]}}]',8,5),(579,'2023-10-09 23:46:05.988535','224','University of Munich',2,'[{\"changed\": {\"fields\": [\"Majors\"]}}]',8,5),(580,'2023-10-09 23:46:14.396934','93','Ludwig Maximilian University of Munich',2,'[{\"changed\": {\"fields\": [\"Majors\"]}}]',8,5),(581,'2023-10-09 23:46:20.419378','121','Technical University Berlin',2,'[{\"changed\": {\"fields\": [\"Majors\"]}}]',8,5),(582,'2023-10-09 23:46:26.596305','32','Heidelberg University',2,'[{\"changed\": {\"fields\": [\"Majors\"]}}]',8,5),(583,'2023-10-09 23:46:33.571826','72','THE BRITISH UNIVERSITY IN DUBAI',2,'[]',8,5),(584,'2023-10-13 18:23:13.812024','4','omarfuck',3,'',4,9),(585,'2023-10-13 18:23:19.931256','8','admin',3,'',4,9),(586,'2023-10-13 18:23:44.161413','7','fuckoff',3,'',4,9),(587,'2023-10-13 18:23:48.827376','6','fuckyou',3,'',4,9),(588,'2023-10-13 18:23:56.122268','3','xxx',3,'',4,9),(589,'2023-10-13 18:24:16.041355','10','user',1,'[{\"added\": {}}]',4,9);
/*!40000 ALTER TABLE `django_admin_log` ENABLE KEYS */;
UNLOCK TABLES;

--
-- Table structure for table `django_content_type`
--

DROP TABLE IF EXISTS `django_content_type`;
/*!40101 SET @saved_cs_client     = @@character_set_client */;
/*!50503 SET character_set_client = utf8mb4 */;
CREATE TABLE `django_content_type` (
  `id` int NOT NULL AUTO_INCREMENT,
  `app_label` varchar(100) NOT NULL,
  `model` varchar(100) NOT NULL,
  PRIMARY KEY (`id`),
  UNIQUE KEY `django_content_type_app_label_model_76bd3d3b_uniq` (`app_label`,`model`)
) ENGINE=InnoDB AUTO_INCREMENT=9 DEFAULT CHARSET=utf8mb4 COLLATE=utf8mb4_0900_ai_ci;
/*!40101 SET character_set_client = @saved_cs_client */;

--
-- Dumping data for table `django_content_type`
--

LOCK TABLES `django_content_type` WRITE;
/*!40000 ALTER TABLE `django_content_type` DISABLE KEYS */;
INSERT INTO `django_content_type` VALUES (1,'admin','logentry'),(3,'auth','group'),(2,'auth','permission'),(4,'auth','user'),(5,'contenttypes','contenttype'),(6,'sessions','session'),(7,'students','major'),(8,'students','university');
/*!40000 ALTER TABLE `django_content_type` ENABLE KEYS */;
UNLOCK TABLES;

--
-- Table structure for table `django_migrations`
--

DROP TABLE IF EXISTS `django_migrations`;
/*!40101 SET @saved_cs_client     = @@character_set_client */;
/*!50503 SET character_set_client = utf8mb4 */;
CREATE TABLE `django_migrations` (
  `id` bigint NOT NULL AUTO_INCREMENT,
  `app` varchar(255) NOT NULL,
  `name` varchar(255) NOT NULL,
  `applied` datetime(6) NOT NULL,
  PRIMARY KEY (`id`)
) ENGINE=InnoDB AUTO_INCREMENT=22 DEFAULT CHARSET=utf8mb4 COLLATE=utf8mb4_0900_ai_ci;
/*!40101 SET character_set_client = @saved_cs_client */;

--
-- Dumping data for table `django_migrations`
--

LOCK TABLES `django_migrations` WRITE;
/*!40000 ALTER TABLE `django_migrations` DISABLE KEYS */;
INSERT INTO `django_migrations` VALUES (1,'contenttypes','0001_initial','2023-10-08 06:27:13.473869'),(2,'auth','0001_initial','2023-10-08 06:27:13.697135'),(3,'admin','0001_initial','2023-10-08 06:27:13.811070'),(4,'admin','0002_logentry_remove_auto_add','2023-10-08 06:27:13.818071'),(5,'admin','0003_logentry_add_action_flag_choices','2023-10-08 06:27:13.825635'),(6,'contenttypes','0002_remove_content_type_name','2023-10-08 06:27:13.857344'),(7,'auth','0002_alter_permission_name_max_length','2023-10-08 06:27:13.892916'),(8,'auth','0003_alter_user_email_max_length','2023-10-08 06:27:13.913168'),(9,'auth','0004_alter_user_username_opts','2023-10-08 06:27:13.923967'),(10,'auth','0005_alter_user_last_login_null','2023-10-08 06:27:13.953708'),(11,'auth','0006_require_contenttypes_0002','2023-10-08 06:27:13.955707'),(12,'auth','0007_alter_validators_add_error_messages','2023-10-08 06:27:13.961898'),(13,'auth','0008_alter_user_username_max_length','2023-10-08 06:27:13.993113'),(14,'auth','0009_alter_user_last_name_max_length','2023-10-08 06:27:14.023411'),(15,'auth','0010_alter_group_name_max_length','2023-10-08 06:27:14.039108'),(16,'auth','0011_update_proxy_permissions','2023-10-08 06:27:14.044997'),(17,'auth','0012_alter_user_first_name_max_length','2023-10-08 06:27:14.078443'),(18,'sessions','0001_initial','2023-10-08 06:27:14.096418'),(20,'students','0001_initial','2023-10-08 22:44:45.233835'),(21,'students','0002_alter_major_name_alter_university_name','2023-10-08 22:44:45.261593');
/*!40000 ALTER TABLE `django_migrations` ENABLE KEYS */;
UNLOCK TABLES;

--
-- Table structure for table `django_session`
--

DROP TABLE IF EXISTS `django_session`;
/*!40101 SET @saved_cs_client     = @@character_set_client */;
/*!50503 SET character_set_client = utf8mb4 */;
CREATE TABLE `django_session` (
  `session_key` varchar(40) NOT NULL,
  `session_data` longtext NOT NULL,
  `expire_date` datetime(6) NOT NULL,
  PRIMARY KEY (`session_key`),
  KEY `django_session_expire_date_a5c62663` (`expire_date`)
) ENGINE=InnoDB DEFAULT CHARSET=utf8mb4 COLLATE=utf8mb4_0900_ai_ci;
/*!40101 SET character_set_client = @saved_cs_client */;

--
-- Dumping data for table `django_session`
--

LOCK TABLES `django_session` WRITE;
/*!40000 ALTER TABLE `django_session` DISABLE KEYS */;
INSERT INTO `django_session` VALUES ('17ccodu3wmlr2flr5ax41f7l5pgo50ym','.eJxVjMsOwiAUBf-FtSFcUKAu3fsNBO5DqqYkpV0Z_12bdKHbMzPnpVJel5rWznMaSZ0VgDr8jiXjg6eN0D1Pt6axTcs8Fr0peqddXxvx87K7fwc19_qtAxkgRs5BWGIw1oehiIdIwnDMg0XrTnbwUMQZ8gChsENARitBYlHvDyE2OMc:1qrb1e:uPU8MnfL_ZmVwFW52L_uf0QXRDPCIdT48ZPxgYBplXc','2023-10-28 09:33:38.249344'),('tx81hfdj3l2ld593imoydfhw5ivtgw4f','.eJxVjMEOwiAQRP-FsyFQgd169O43kGUBqRpISnsy_rtt0oNe5jDvzbyFp3Upfu1p9lMUF-HE6bcLxM9UdxAfVO9NcqvLPAW5K_KgXd5aTK_r4f4dFOplW3O0ZgBgy4YTaHAAijCgRuTRwhbIpDCfOWczDmyJdEiGHQdnFGXx-QLioDhM:1qpy5P:bTZABK5J9PRsnZMl2k27jtVJDzOot95w1rLtTEIjPzM','2023-10-23 21:46:47.177089');
/*!40000 ALTER TABLE `django_session` ENABLE KEYS */;
UNLOCK TABLES;

--
-- Table structure for table `students_major`
--

DROP TABLE IF EXISTS `students_major`;
/*!40101 SET @saved_cs_client     = @@character_set_client */;
/*!50503 SET character_set_client = utf8mb4 */;
CREATE TABLE `students_major` (
  `id` bigint NOT NULL AUTO_INCREMENT,
  `name` varchar(255) NOT NULL,
  `cost` int NOT NULL,
  PRIMARY KEY (`id`),
  UNIQUE KEY `students_major_name_99a5d674_uniq` (`name`)
) ENGINE=InnoDB AUTO_INCREMENT=21 DEFAULT CHARSET=utf8mb4 COLLATE=utf8mb4_0900_ai_ci;
/*!40101 SET character_set_client = @saved_cs_client */;

--
-- Dumping data for table `students_major`
--

LOCK TABLES `students_major` WRITE;
/*!40000 ALTER TABLE `students_major` DISABLE KEYS */;
INSERT INTO `students_major` VALUES (5,'Medicine',10000),(6,'Engineering',8000),(7,'Finance',3000),(8,'Computer Science',8000),(9,'Business',6000),(10,'Physics',5500),(11,'Nursing',7000),(12,'Philosophy',4000),(13,'English Literature',4000),(14,'Digital Marketing',6000),(15,'Psychology',7000),(16,'Interpretation',5500),(17,'Linguistics',4500),(18,'Biology',5500),(19,'Geography',3300),(20,'History',2500);
/*!40000 ALTER TABLE `students_major` ENABLE KEYS */;
UNLOCK TABLES;

--
-- Table structure for table `students_university`
--

DROP TABLE IF EXISTS `students_university`;
/*!40101 SET @saved_cs_client     = @@character_set_client */;
/*!50503 SET character_set_client = utf8mb4 */;
CREATE TABLE `students_university` (
  `id` bigint NOT NULL AUTO_INCREMENT,
  `name` varchar(255) NOT NULL,
  `country` varchar(255) NOT NULL,
  `website` varchar(200) NOT NULL,
  `extraCost` int NOT NULL,
  PRIMARY KEY (`id`),
  UNIQUE KEY `students_university_name_f3149384_uniq` (`name`)
) ENGINE=InnoDB AUTO_INCREMENT=226 DEFAULT CHARSET=utf8mb4 COLLATE=utf8mb4_0900_ai_ci;
/*!40101 SET character_set_client = @saved_cs_client */;

--
-- Dumping data for table `students_university`
--

LOCK TABLES `students_university` WRITE;
/*!40000 ALTER TABLE `students_university` DISABLE KEYS */;
INSERT INTO `students_university` VALUES (5,'Harvard University','USA','https://www.harvard.edu/',40000),(6,'Stanford University','USA','https://www.stanford.edu/',40000),(7,'Johns Hopkins University','USA','https://www.jhu.edu/',55000),(8,'Yale University','USA','https://www.yale.edu/',45000),(9,'Columbia University','USA','https://www.columbia.edu/',50000),(10,'University of California - Los Angeles','USA','https://www.ucla.edu/',45000),(11,'University of Pennsylvania','USA','https://www.upenn.edu/',40000),(12,'University of Washington','USA','https://www.washington.edu/',55000),(13,'Duke University','USA','https://duke.edu/',50000),(14,'University of Chicago','USA','https://www.uchicago.edu/en',58000),(15,'Hull York Medical School','UK','https://www.hyms.ac.uk/',39000),(16,'St George\'s University of London','UK','https://www.sgul.ac.uk/',39000),(17,'Leicester Medical School','UK','https://le.ac.uk/medicine',35000),(18,'Warwick Medical School','UK','https://warwick.ac.uk/fac/sci/med/',33000),(19,'University of Cambridge','UK','https://www.cam.ac.uk/',40000),(20,'University of Aberdeen','UK','https://www.abdn.ac.uk/',35000),(21,'University of Edinburgh','UK','https://www.ed.ac.uk/',36000),(22,'Imperial College London','UK','https://www.imperial.ac.uk/',26000),(23,'University of St Andrews','UK','https://www.st-andrews.ac.uk/',33000),(24,'University of Toronto','Canada','https://www.utoronto.ca/',40000),(25,'McGill University','Canada','https://www.mcgill.ca/',40000),(26,'McMaster University','Canada','https://www.mcmaster.ca/',37000),(27,'Queen’s University','Canada','https://www.queensu.ca/',50000),(28,'University of Sherbrooke','Canada','https://www.usherbrooke.ca/',37000),(29,'university of british columbia','Canada','https://www.ubc.ca/',44000),(30,'University of Alberta','Canada','https://www.ualberta.ca/index.html',38000),(31,'University of Calgary','Canada','https://www.ucalgary.ca/',30000),(32,'Heidelberg University','Germany','https://www.uni-heidelberg.de/en',30000),(33,'Charité - Universitätsmedizin Berlin','Germany','https://www.charite.de/',35000),(34,'Goethe University Frankfurt','Germany','https://www.goethe-university-frankfurt.de/',35000),(35,'University of Tübingen','Germany','https://uni-tuebingen.de/en/',35000),(36,'GULF MEDICAL UNIVERSITY','UAE','https://gmu.ac.ae/',35000),(37,'RAK Medical and Health Sciences University','UAE','https://www.rakmhsu.ac.ae/',30000),(38,'Royal College of Surgeons in Ireland (Dubai)','UAE','https://www.rcsi.com/leadership/our-courses',40000),(39,'Jordan University of Science and Technology','Jordan','https://www.just.edu.jo/',20000),(40,'University of Jordan','Jordan','https://www.ju.edu.jo/',20000),(41,'Mutah University','Jordan','https://www.mutah.edu.jo/',20000),(42,'Hashemite University','Jordan','https://hu.edu.jo/',23000),(43,'Perm State Medical University','Russia','https://www.psmu.in/',27000),(44,'Mari State University','Russia','https://www.maristateuniversity.com/',25000),(45,'Orenburg State Medical University','Russia','https://www.orenburgsmu.com/',30000),(46,'University of Cyprus','Cyprus','https://www.ucy.ac.cy/?lang=en',15000),(47,'Eastern Mediterranean University','Cyprus','https://www.emu.edu.tr/en/home/557',17000),(48,'Cyprus International University','Cyprus','https://www.ciu.edu.tr/en',17000),(49,'University of Nicosia','Cyprus','https://www.unic.ac.cy/',15000),(50,'Cairo University','Egypt','https://cu.edu.eg/index2.php/Cairo_University_Leaders',9000),(51,'Ain Shams University','Egypt','https://www.asu.edu.eg/',6000),(52,'Alexandria University','Egypt','https://www.alexu.edu.eg/index.php/en/',5000),(53,'Mansoura University','Egypt','http://www.mans.edu.eg/en',6000),(54,'International Medical University, Kuala Lumpur','Malaysia','https://www.imu.edu.my/',20000),(55,'Newcastle University of Medicine','Malaysia','https://www.ncl.ac.uk/undergraduate/degrees/a100/',17000),(56,'Penang Medical College','Malaysia','https://www.rcsiucd.edu.my/',20000),(57,'Monash University, Malaysia','Malaysia','https://www.monash.edu.my/',15000),(58,'University of Barcelona','Spain','https://web.ub.edu/en/home',10000),(59,'Autonomous University of Barcelona','Spain','https://www.uab.cat/web/universitat-autonoma-de-barcelona-1345467954774.html',12000),(60,'Complutense University of Madrid','Spain','https://www.ucm.es/english',10000),(61,'University of Navarra','Spain','https://en.unav.edu/',11000),(62,'Massachusetts Institute of Technology','USA','https://www.mit.edu/',20000),(63,'University of California, Berkeley','USA','https://www.berkeley.edu/',20000),(64,'University of Oxford','UK','https://www.ox.ac.uk/',25000),(65,'University College London','UK','https://www.ucl.ac.uk/',20000),(66,'University of Manchester','UK','https://www.manchester.ac.uk/',25000),(67,'University of Leeds','UK','https://www.leeds.ac.uk/',20000),(68,'University of Waterloo','Canada','https://uwaterloo.ca/',22000),(69,'Technical University of Munich','Germany','https://www.tum.de/en/',20000),(70,'RWTH Aachen University','Germany','https://www.rwth-aachen.de/',17000),(71,'University of Stuttgart','Germany','https://www.uni-stuttgart.de/en/',15000),(72,'THE BRITISH UNIVERSITY IN DUBAI','UAE','https://www.buid.ac.ae/',15000),(73,'UNIVERSITY OF DUBAI','UAE','https://ud.ac.ae/',17000),(74,'THE UNIVERSITY OF WOLLONGONG IN DUBAI','UAE','https://www.uowdubai.ac.ae/',15000),(75,'Yarmouk','Jordan','https://www.yu.edu.jo/',12000),(76,'ITMO University','Russia','https://en.itmo.ru/',10000),(77,'Tomsk State University','Russia','https://en.tsu.ru/',10000),(78,'Lomonosov Moscow State University','Russia','https://www.msu.ru/en/',7000),(79,'Saint Petersburg State University','Russia','https://english.spbu.ru/',12000),(80,'Near East University','Cyprus','https://neu.edu.tr/',7000),(81,'Kafrelsheikh University','Egypt','https://kfs.edu.eg/',5000),(82,'Minia University','Egypt','https://www.minia.edu.eg/Minia/',7000),(83,'Universiti Malaya','Malaysia','https://www.um.edu.my/',3000),(84,'Universiti Teknologi Malaysia','Malaysia','https://www.utm.my/',4000),(85,'Polytechnic University of Catalonia','Spain','http://www.upc.edu/?set_language=en&',7000),(86,'University of Sevilla','Spain','https://ics-seville.org/university-of-seville/',5000),(87,'Universidad Politecnica de Madrid','Spain','https://www.upm.es/',6000),(88,'University of Michigan--Ann Arbor','USA','https://umich.edu/',20000),(89,'New York University','USA','https://www.nyu.edu/',20000),(90,'University of Edinburgh, Edinburgh','UK','https://www.ed.ac.uk/',15000),(91,'King\'s College London, London','UK','https://www.kcl.ac.uk/',16000),(92,'Technical University Munich','Germany','https://www.tum.de/en/',20000),(93,'Ludwig Maximilian University of Munich','Germany','https://www.lmu.de/en/',20000),(94,'University of Tuebingen','Germany','https://uni-tuebingen.de/en/',15000),(95,'University of Goettingen','Germany','https://www.uni-goettingen.de/en/1.html',12000),(96,'Zayed University','UAE','https://www.zu.ac.ae/',17000),(97,'University of Birmingham Dubai','UAE','https://www.birmingham.ac.uk/dubai/index.aspx',15000),(98,'University of Wollongong Dubai','UAE','https://www.uowdubai.ac.ae/',16000),(99,'Applied Science Private University','Jordan','https://www.asu.edu.jo/',7000),(100,'Middle East University Jordan','Jordan','https://www.meu.edu.jo/',5000),(101,'Al-Ahliyya Amman University','Jordan','https://www.ammanu.edu.jo/',8000),(102,'Philadelphia University','Jordan','https://www.philadelphia.edu.jo/',4000),(103,'Moscow State University','Russia','https://www.msu.ru/en/',7000),(104,'National Research University Higher School of Economics','Russia','https://www.hse.ru/en/',5000),(105,'St. Petersburg State University','Russia','https://english.spbu.ru/',3000),(106,'Finance Academy under the Government of the Russian Federation','Russia','https://en.fa.ru/',6000),(107,'Cyprus University of Technology','Cyprus','https://www.cut.ac.cy/?languageId=1',12000),(108,'Future University in Egypt','Egypt','https://www.fue.edu.eg/',2000),(109,'Al-Azhar University','Egypt','http://www.azhar.edu.eg/en/',1500),(110,'Damietta University','Egypt','https://www.du.edu.eg/en/',2000),(111,'Monash University Malaysia','Malaysia','https://www.monash.edu.my/',1500),(112,'University of Nottingham Malaysia','Malaysia','https://www.nottingham.edu.my/index.aspx',2000),(113,'University of Valencia','Spain','https://www.uv.es/uvweb/college/en/university-valencia-1285845048380.html',2000),(114,'EU Business School','Spain','https://www.euruni.edu/',2000),(115,'Charles III University of Madrid','Spain','https://www.uc3m.es/',2000),(116,'University of Illinois Urbana-Champaign','USA','https://illinois.edu/',20000),(117,'Cornell University','USA','https://www.cornell.edu/',19000),(118,'University of Bristol','UK','https://www.bristol.ac.uk/',12000),(119,'Queen Mary University of London','UK','https://www.qmul.ac.uk/',12000),(120,'University of Ottawa','Canada','https://www.uottawa.ca/en',25000),(121,'Technical University Berlin','Germany','https://www.tu.berlin/en/',19000),(122,'Canadian University Dubai','UAE','https://www.cud.ac.ae/',19000),(123,'Princess Sumaya University for Technology','Jordan','https://www.psut.edu.jo/',14000),(124,'HSE University','Russia','https://www.hse.ru/en/',9000),(125,'Bauman Moscow State Technical University','Russia','https://bmstu.ru/',8000),(126,'The American University in Cairo','Egypt','https://www.aucegypt.edu/',7000),(127,'Misr International University','Egypt','https://www.miuegypt.edu.eg/',5000),(128,'University of Granada','Spain','http://www.ugr.es/en',3000),(129,'MIT Sloan School of Management','USA','https://mitsloan.mit.edu/',5000),(130,'NYU Stern School of Business','USA','https://www.stern.nyu.edu/',4500),(131,'University of Chicago Booth School of Business','USA','https://www.chicagobooth.edu/',5000),(132,'London Business School','UK','https://www.london.edu/',4000),(133,'Warwick Business School','UK','https://www.wbs.ac.uk/',3500),(134,'Business School Durham University','UK','https://www.durham.ac.uk/business/',3500),(135,'University of Exeter Business School','UK','http://business-school.exeter.ac.uk/',4500),(136,'Rotman School of Management','Canada','https://www.rotman.utoronto.ca/',5000),(137,'Desautels Faculty of Management, McGill University','Canada','https://www.mcgill.ca/desautels/',4500),(138,'Smith School of Business at Queen\'s University','Canada','https://smith.queensu.ca/index.php',3500),(139,'Sobey School of Business at Saint Mary\'s University','Canada','https://www.smu.ca/academics/sobey/welcome.html',4500),(140,'ESMT Berlin','Germany','https://esmt.berlin/',2500),(141,'WHU - Otto Beisheim School of Management','Germany','https://www.whu.edu/en/',3000),(142,'Mannheim Business School gGmbH','Germany','https://www.mannheim-business-school.com/en/',3500),(143,'Kühne Logistics University gGmbH','Germany','https://www.klu.org/',5000),(144,'LONDON BUSINESS SCHOOL DUBAI','UAE','https://www.london.edu/about/our-campuses/dubai',4000),(145,'UNIVERSITY OF WOLLONGONG','UAE','https://www.uowdubai.ac.ae/',4500),(146,'MURDOCH UNIVERSITY','UAE','https://www.murdochuniversitydubai.com/',5000),(147,'German Jordanian University','Jordan','https://www.gju.edu.jo/',2000),(148,'Yarmouk University','Jordan','https://www.yu.edu.jo/index.php/en/',15000),(149,'Isra University','Jordan','https://www.iu.edu.jo/index.php/en/',1200),(150,'The Philips University','Cyprus','https://philipsuni.ac.cy/',1500),(151,'Open University Of Cyprus','Cyprus','https://www.ouc.ac.cy/index.php/en/',2000),(152,'American University In Cairo','Egypt','https://www.aucegypt.edu/',1500),(153,'German University in Cairo','Egypt','https://www.guc.edu.eg/',2000),(154,'Asia Pacific University of Technology & Innovation','Malaysia','http://www.apu.edu.my/',1500),(155,'Curtin University Malaysia','Malaysia','https://www.curtin.edu.my/',2000),(156,'ESADE Business School','Spain','https://www.esade.edu/en',1500),(157,'IE Business School','Spain','https://www.ie.edu/business-school/',3000),(158,'IESE Business School','Spain','https://www.iese.edu/',2000),(159,'California Institute of Technology','USA','https://www.caltech.edu/',4000),(160,'The University of Arizona','USA','https://www.arizona.edu/',3000),(161,'University of Glasgow','UK','https://www.gla.ac.uk/',2500),(162,'University of Victoria','Canada','https://www.uvic.ca/',7000),(163,'University of Montreal','Canada','https://www.umontreal.ca/en/',6500),(164,'University of Hamburg','Germany','https://www.uni-hamburg.de/en.html',20000),(165,'American University in Dubai','UAE','https://www.aud.edu/',7000),(166,'Tafila Technical University','Jordan','http://www.ttu.edu.jo/en/',1000),(167,'American University of Madaba','Jordan','https://www.aum.edu.jo/',1200),(168,'Moscow Institute of Physics and Technology','Russia','https://mipt.ru/english/',4000),(169,'Tomsk Polytechnic University','Russia','https://tpu.ru/en/',1200),(170,'European University of Lefke','Cyprus','https://www.eul.edu.tr/en/',6000),(171,'University of Central Lancashire','Cyprus','https://www.uclan.ac.uk/',2000),(172,'Menoufia University','Egypt','https://www.menofia.edu.eg/Home/en',1200),(173,'Assiut University','Egypt','http://www.aun.edu.eg/',1500),(174,'Fayoum University','Egypt','https://www.fayoum.edu.eg/english/',1800),(175,'International Islamic University Malaysia','Malaysia','https://www.iium.edu.my/v2/',1500),(176,'Universiti Putra Malaysia','Malaysia','https://www.upm.edu.my/',2000),(177,'University of Santiago de Compostela','Spain','https://www.usc.gal/en',1500),(178,'University of the Balearic Islands','Spain','https://www.uib.eu/',1200),(179,'University of Michigan','USA','https://umich.edu/',6000),(180,'University of Miami','USA','https://welcome.miami.edu/',6000),(181,'The University of Edinburgh','UK','https://www.ed.ac.uk/',6000),(182,'The University of Manchester','UK','https://www.manchester.ac.uk/',12000),(183,'Coventry University','UK','https://www.coventry.ac.uk/',13000),(184,'Western University','Canada','https://www.uwo.ca/index.html',9000),(185,'Ontario Tech University','Canada','https://ontariotechu.ca/',15000),(186,'Martin-Luther-University Halle-Wittenberg','Germany','https://www.uni-halle.de/?lang=en',7000),(187,'Esslingen University of Applied Sciences','Germany','https://www.hs-esslingen.de/en/',8000),(188,'University of Bremen','Germany','https://www.uni-bremen.de/en/',12000),(189,'University of Freiburg','Germany','https://uni-freiburg.de/en/',9000),(190,'Novosibirsk State Medical University','Russia','https://en.ngmu.ru/',7000),(191,'Francisco de Vitoria University','Spain','https://www.ufv.es/welcome-to-ufv-madrid/',7000),(192,'Jaume I University','Spain','https://www.uji.es/',6000),(193,'Princeton University','USA','https://www.princeton.edu/',7000),(194,'University of Warwick','UK','https://warwick.ac.uk/',12000),(195,'Simon Fraser University','Canada','https://www.sfu.ca/',13000),(196,'University of Windsor','Canada','https://www.uwindsor.ca/',15000),(197,'Humboldt University of Berlin','Germany','https://www.hu-berlin.de/en',11000),(198,'Saarland University','Germany','https://www.uni-saarland.de/en/home.html',8000),(199,'Northwest Missouri State University','USA','https://www.nwmissouri.edu/',10000),(200,'University of Pittsburgh','USA','https://www.pitt.edu/',12000),(202,'Durham University','UK','https://www.durham.ac.uk/',13000),(203,'Brock University','Canada','https://brocku.ca/',9000),(204,'Johannes Gutenberg University of Mainz','Germany','https://homepage.uni-mainz.de/',9000),(205,'University of Konstanz','Germany','https://www.uni-konstanz.de/en/',10000),(206,'University of Trier','Germany','https://www.uni-trier.de/en/',11000),(207,'AL AIN UNIVERSITY','UAE','https://www.aau.ac.ae/',13000),(208,'The British University in Egypt','Egypt','https://www.bue.edu.eg/',3000),(209,'University of Reading','Malaysia','https://www.reading.edu.my/',2000),(210,'Autonomous University of Madrid','Spain','https://www.uam.es/uam/en/inicio',3000),(211,'Pompeu Fabra University','Spain','https://www.upf.edu/en/',3500),(212,'Universitat de Barcelona','Spain','https://web.ub.edu/en/web/ub/',2500),(213,'Pace University','USA','https://www.pace.edu/',5000),(214,'Full Sail University','USA','https://www.fullsail.edu/',5500),(215,'Bellevue College','USA','https://www.bellevuecollege.edu/',4500),(216,'University of Strathclyde','UK','https://www.strath.ac.uk/',3000),(217,'University of Portsmouth','UK','https://www.port.ac.uk/',3300),(218,'University of West London','UK','https://www.uwl.ac.uk/',3800),(219,'Toronto Metropolitan University','Canada','https://www.torontomu.ca/',7000),(220,'CBS International Business School','Germany','https://www.cbs.de/en/',5500),(221,'GISMA Business School - Hannover Campus','Germany','https://www.gisma.com/',7000),(222,'Zeppelin University','Germany','https://www.zeppelin-university.com/',5500),(223,'Talal Abu-Ghazaleh University College for Innovation','Jordan','http://www.taguci.com/',3000),(224,'University of Munich','Germany','https://www.lmu.de/en/',8000),(225,'European University Cyprus','Cyprus','https://euc.ac.cy/en/',7000);
/*!40000 ALTER TABLE `students_university` ENABLE KEYS */;
UNLOCK TABLES;

--
-- Table structure for table `students_university_majors`
--

DROP TABLE IF EXISTS `students_university_majors`;
/*!40101 SET @saved_cs_client     = @@character_set_client */;
/*!50503 SET character_set_client = utf8mb4 */;
CREATE TABLE `students_university_majors` (
  `id` bigint NOT NULL AUTO_INCREMENT,
  `university_id` bigint NOT NULL,
  `major_id` bigint NOT NULL,
  PRIMARY KEY (`id`),
  UNIQUE KEY `students_university_majors_university_id_major_id_d4376f24_uniq` (`university_id`,`major_id`),
  KEY `students_university__major_id_7e5770c9_fk_students_` (`major_id`),
  CONSTRAINT `students_university__major_id_7e5770c9_fk_students_` FOREIGN KEY (`major_id`) REFERENCES `students_major` (`id`),
  CONSTRAINT `students_university__university_id_9658b704_fk_students_` FOREIGN KEY (`university_id`) REFERENCES `students_university` (`id`)
) ENGINE=InnoDB AUTO_INCREMENT=591 DEFAULT CHARSET=utf8mb4 COLLATE=utf8mb4_0900_ai_ci;
/*!40101 SET character_set_client = @saved_cs_client */;

--
-- Dumping data for table `students_university_majors`
--

LOCK TABLES `students_university_majors` WRITE;
/*!40000 ALTER TABLE `students_university_majors` DISABLE KEYS */;
INSERT INTO `students_university_majors` VALUES (9,5,5),(450,5,17),(487,5,18),(10,6,5),(67,6,6),(451,6,17),(11,7,5),(12,8,5),(385,8,15),(418,8,16),(449,8,17),(486,8,18),(13,9,5),(386,9,15),(452,9,17),(488,9,18),(14,10,5),(15,11,5),(259,11,11),(16,12,5),(141,12,8),(17,13,5),(18,14,5),(19,15,5),(20,16,5),(21,17,5),(22,18,5),(23,19,5),(149,19,8),(225,19,10),(455,19,17),(491,19,18),(573,19,19),(574,19,20),(24,20,5),(25,21,5),(26,22,5),(69,22,6),(110,22,7),(222,22,10),(27,23,5),(28,24,5),(75,24,6),(112,24,7),(150,24,8),(268,24,11),(29,25,5),(113,25,7),(30,26,5),(78,26,6),(31,27,5),(32,28,5),(33,29,5),(76,29,6),(114,29,7),(152,29,8),(361,29,14),(389,29,15),(421,29,16),(457,29,17),(492,29,18),(577,29,19),(578,29,20),(34,30,5),(77,30,6),(35,31,5),(36,32,5),(157,32,8),(230,32,10),(396,32,15),(427,32,16),(463,32,17),(498,32,18),(589,32,19),(590,32,20),(37,33,5),(38,34,5),(39,35,5),(40,36,5),(41,37,5),(42,38,5),(43,39,5),(87,39,6),(239,39,10),(311,39,12),(401,39,15),(432,39,16),(44,40,5),(85,40,6),(161,40,8),(199,40,9),(238,40,10),(280,40,11),(310,40,12),(400,40,15),(431,40,16),(508,40,18),(509,40,19),(510,40,20),(45,41,5),(46,42,5),(86,42,6),(47,43,5),(48,44,5),(49,45,5),(50,46,5),(94,46,6),(130,46,7),(169,46,8),(206,46,9),(245,46,10),(51,47,5),(52,48,5),(53,49,5),(170,49,8),(285,49,11),(317,49,12),(374,49,14),(407,49,15),(438,49,16),(474,49,17),(529,49,18),(530,49,19),(531,49,20),(54,50,5),(95,50,6),(172,50,8),(210,50,9),(55,51,5),(98,51,6),(251,51,10),(291,51,11),(56,52,5),(212,52,9),(321,52,12),(57,53,5),(58,54,5),(59,55,5),(60,56,5),(61,57,5),(62,58,5),(63,59,5),(64,60,5),(65,61,5),(66,62,6),(104,62,7),(142,62,8),(220,62,10),(68,63,6),(105,63,7),(70,64,6),(111,64,7),(148,64,8),(454,64,17),(570,64,18),(571,64,19),(572,64,20),(71,65,6),(147,65,8),(72,66,6),(73,67,6),(332,67,13),(388,67,15),(420,67,16),(456,67,17),(490,67,18),(575,67,19),(576,67,20),(74,68,6),(151,68,8),(226,68,10),(79,69,6),(154,69,8),(231,69,10),(80,70,6),(81,71,6),(82,72,6),(234,72,10),(275,72,11),(306,72,12),(397,72,15),(428,72,16),(464,72,17),(499,72,18),(500,72,19),(501,72,20),(83,73,6),(237,73,10),(278,73,11),(309,73,12),(340,73,13),(398,73,15),(429,73,16),(465,73,17),(502,73,18),(503,73,19),(504,73,20),(84,74,6),(235,74,10),(307,74,12),(399,74,15),(430,74,16),(505,74,18),(506,74,19),(507,74,20),(88,75,6),(89,76,6),(343,76,13),(370,76,14),(403,76,15),(434,76,16),(470,76,17),(520,76,18),(521,76,19),(522,76,20),(90,77,6),(344,77,13),(371,77,14),(404,77,15),(435,77,16),(471,77,17),(523,77,18),(524,77,19),(525,77,20),(91,78,6),(345,78,12),(372,78,14),(405,78,15),(436,78,16),(472,78,17),(526,78,18),(527,78,19),(528,78,20),(92,79,6),(168,79,8),(284,79,11),(316,79,12),(373,79,14),(406,79,15),(437,79,16),(473,79,17),(93,80,6),(96,81,6),(97,82,6),(99,83,6),(137,83,7),(175,83,8),(254,83,10),(294,83,11),(324,83,12),(100,84,6),(177,84,8),(101,85,6),(179,85,8),(326,85,12),(102,86,6),(103,87,6),(180,87,8),(327,87,12),(106,88,7),(258,89,11),(298,89,12),(108,90,7),(109,91,7),(263,91,11),(115,92,7),(116,93,7),(155,93,8),(229,93,10),(303,93,12),(393,93,15),(425,93,16),(461,93,17),(496,93,18),(585,93,19),(586,93,20),(117,94,7),(118,95,7),(119,96,7),(233,96,10),(274,96,11),(305,96,12),(120,97,7),(158,97,8),(121,98,7),(159,98,8),(276,98,11),(466,98,17),(122,99,7),(164,99,8),(279,99,11),(367,99,14),(123,100,7),(163,100,8),(342,100,13),(467,100,17),(511,100,18),(512,100,19),(513,100,20),(124,101,7),(281,101,11),(369,101,14),(468,101,17),(514,101,18),(515,101,19),(516,101,20),(125,102,7),(126,103,7),(165,103,8),(204,103,9),(243,103,10),(313,103,12),(127,104,7),(203,104,9),(128,105,7),(205,105,9),(129,106,7),(131,107,7),(171,107,8),(287,107,11),(319,107,12),(376,107,14),(476,107,17),(132,108,7),(133,109,7),(320,109,12),(134,110,7),(135,111,7),(214,111,9),(136,112,7),(176,112,8),(349,112,12),(379,112,14),(412,112,15),(443,112,16),(480,112,17),(544,112,18),(545,112,19),(546,112,20),(138,113,7),(255,113,10),(139,114,7),(140,115,7),(143,116,8),(144,117,8),(145,118,8),(146,119,8),(224,119,10),(153,120,8),(269,120,11),(394,121,13),(395,121,15),(426,121,16),(462,121,17),(497,121,18),(587,121,19),(588,121,20),(160,122,8),(162,123,8),(166,124,8),(314,124,12),(167,125,8),(315,125,12),(173,126,8),(441,126,16),(174,127,8),(178,128,8),(325,128,12),(181,129,9),(182,130,9),(562,130,18),(563,130,19),(564,130,20),(183,131,9),(184,132,9),(185,133,9),(186,134,9),(187,135,9),(188,136,9),(189,137,9),(190,138,9),(191,139,9),(192,140,9),(193,141,9),(194,142,9),(195,143,9),(196,144,9),(197,145,9),(198,146,9),(200,147,9),(201,148,9),(312,148,12),(341,148,13),(402,148,15),(433,148,16),(202,149,9),(282,149,11),(469,149,17),(517,149,18),(518,149,19),(519,149,20),(207,150,9),(208,151,9),(209,152,9),(347,152,13),(377,152,14),(410,152,15),(478,152,17),(211,153,9),(213,154,9),(215,155,9),(216,156,9),(217,157,9),(218,158,9),(219,159,10),(565,159,18),(566,159,19),(567,159,20),(221,160,10),(223,161,10),(227,162,10),(228,163,10),(232,164,10),(236,165,10),(277,165,11),(308,165,12),(240,166,10),(241,167,10),(242,168,10),(244,169,10),(246,170,10),(286,170,11),(318,170,12),(375,170,14),(247,171,10),(248,172,10),(288,172,11),(249,173,10),(289,173,11),(348,173,12),(378,173,14),(411,173,15),(442,173,16),(479,173,17),(538,173,18),(539,173,19),(540,173,20),(250,174,9),(290,174,11),(541,174,18),(542,174,19),(543,174,20),(252,175,10),(292,175,11),(322,175,12),(350,175,13),(380,175,14),(413,175,15),(444,175,16),(481,175,17),(547,175,18),(548,175,19),(549,175,20),(253,176,10),(293,176,11),(323,176,12),(256,177,10),(257,178,10),(260,179,11),(261,180,11),(262,181,11),(264,182,11),(265,183,11),(266,184,11),(333,184,13),(267,185,11),(270,186,11),(271,187,11),(272,188,11),(273,189,11),(283,190,11),(295,191,11),(296,192,11),(297,193,12),(299,194,12),(300,195,12),(363,195,14),(391,195,15),(423,195,16),(459,195,17),(494,195,18),(581,195,19),(582,195,20),(301,196,12),(334,196,13),(302,197,12),(304,198,12),(328,199,13),(329,200,13),(331,202,13),(387,202,15),(419,202,16),(453,202,17),(489,202,18),(568,202,19),(569,202,20),(335,203,13),(336,204,13),(337,205,13),(338,206,13),(339,207,13),(346,208,14),(409,208,15),(440,208,16),(477,208,17),(535,208,18),(536,208,19),(537,208,20),(351,209,13),(381,209,14),(414,209,15),(445,209,16),(482,209,17),(550,209,18),(551,209,19),(552,209,20),(352,210,13),(382,210,14),(415,210,15),(446,210,16),(483,210,17),(553,210,18),(554,210,19),(555,210,20),(353,211,13),(383,211,14),(416,211,15),(447,211,16),(484,211,17),(556,211,18),(557,211,19),(558,211,20),(354,212,13),(384,212,14),(417,212,15),(448,212,16),(485,212,17),(559,212,18),(560,212,19),(561,212,20),(355,213,14),(356,214,14),(357,215,14),(358,216,14),(359,217,14),(360,218,14),(362,219,14),(390,219,15),(422,219,16),(458,219,17),(493,219,18),(579,219,19),(580,219,20),(364,220,14),(365,221,13),(366,222,14),(368,223,14),(392,224,15),(424,224,16),(460,224,17),(495,224,18),(583,224,19),(584,224,20),(408,225,15),(439,225,16),(475,225,17),(532,225,18),(533,225,19),(534,225,20);
/*!40000 ALTER TABLE `students_university_majors` ENABLE KEYS */;
UNLOCK TABLES;
/*!40103 SET TIME_ZONE=@OLD_TIME_ZONE */;

/*!40101 SET SQL_MODE=@OLD_SQL_MODE */;
/*!40014 SET FOREIGN_KEY_CHECKS=@OLD_FOREIGN_KEY_CHECKS */;
/*!40014 SET UNIQUE_CHECKS=@OLD_UNIQUE_CHECKS */;
/*!40101 SET CHARACTER_SET_CLIENT=@OLD_CHARACTER_SET_CLIENT */;
/*!40101 SET CHARACTER_SET_RESULTS=@OLD_CHARACTER_SET_RESULTS */;
/*!40101 SET COLLATION_CONNECTION=@OLD_COLLATION_CONNECTION */;
/*!40111 SET SQL_NOTES=@OLD_SQL_NOTES */;

-- Dump completed on 2023-10-14 12:36:20
